:START_ID,:END_ID,:TYPE
0,1,CURRENT_ADDRESS
2,1,CURRENT_ADDRESS
5,6,CURRENT_ADDRESS
9,10,CURRENT_ADDRESS
13,10,CURRENT_ADDRESS
16,17,CURRENT_ADDRESS
20,17,CURRENT_ADDRESS
23,24,CURRENT_ADDRESS
27,28,CURRENT_ADDRESS
31,32,CURRENT_ADDRESS
35,36,CURRENT_ADDRESS
39,40,CURRENT_ADDRESS
43,44,CURRENT_ADDRESS
47,44,CURRENT_ADDRESS
50,44,CURRENT_ADDRESS
53,54,CURRENT_ADDRESS
57,58,CURRENT_ADDRESS
59,58,CURRENT_ADDRESS
62,63,CURRENT_ADDRESS
66,67,CURRENT_ADDRESS
70,71,CURRENT_ADDRESS
74,75,CURRENT_ADDRESS
78,79,CURRENT_ADDRESS
82,83,CURRENT_ADDRESS
86,87,CURRENT_ADDRESS
90,91,CURRENT_ADDRESS
92,93,CURRENT_ADDRESS
94,95,CURRENT_ADDRESS
98,99,CURRENT_ADDRESS
102,103,CURRENT_ADDRESS
106,107,CURRENT_ADDRESS
110,111,CURRENT_ADDRESS
114,115,CURRENT_ADDRESS
118,115,CURRENT_ADDRESS
121,115,CURRENT_ADDRESS
124,125,CURRENT_ADDRESS
128,125,CURRENT_ADDRESS
131,132,CURRENT_ADDRESS
135,136,CURRENT_ADDRESS
137,138,CURRENT_ADDRESS
141,142,CURRENT_ADDRESS
143,144,CURRENT_ADDRESS
147,148,CURRENT_ADDRESS
151,152,CURRENT_ADDRESS
155,156,CURRENT_ADDRESS
159,156,CURRENT_ADDRESS
162,163,CURRENT_ADDRESS
166,167,CURRENT_ADDRESS
170,171,CURRENT_ADDRESS
174,171,CURRENT_ADDRESS
175,176,CURRENT_ADDRESS
179,180,CURRENT_ADDRESS
183,184,CURRENT_ADDRESS
187,188,CURRENT_ADDRESS
191,192,CURRENT_ADDRESS
195,196,CURRENT_ADDRESS
199,200,CURRENT_ADDRESS
203,204,CURRENT_ADDRESS
207,208,CURRENT_ADDRESS
211,208,CURRENT_ADDRESS
214,208,CURRENT_ADDRESS
217,218,CURRENT_ADDRESS
221,222,CURRENT_ADDRESS
225,226,CURRENT_ADDRESS
229,226,CURRENT_ADDRESS
232,233,CURRENT_ADDRESS
236,237,CURRENT_ADDRESS
240,241,CURRENT_ADDRESS
242,243,CURRENT_ADDRESS
246,243,CURRENT_ADDRESS
249,243,CURRENT_ADDRESS
252,253,CURRENT_ADDRESS
256,257,CURRENT_ADDRESS
260,261,CURRENT_ADDRESS
264,265,CURRENT_ADDRESS
268,269,CURRENT_ADDRESS
272,273,CURRENT_ADDRESS
276,277,CURRENT_ADDRESS
280,281,CURRENT_ADDRESS
284,285,CURRENT_ADDRESS
288,289,CURRENT_ADDRESS
292,293,CURRENT_ADDRESS
296,297,CURRENT_ADDRESS
298,299,CURRENT_ADDRESS
302,303,CURRENT_ADDRESS
306,307,CURRENT_ADDRESS
310,311,CURRENT_ADDRESS
314,311,CURRENT_ADDRESS
317,318,CURRENT_ADDRESS
319,320,CURRENT_ADDRESS
323,324,CURRENT_ADDRESS
327,328,CURRENT_ADDRESS
331,332,CURRENT_ADDRESS
335,336,CURRENT_ADDRESS
339,340,CURRENT_ADDRESS
343,344,CURRENT_ADDRESS
347,348,CURRENT_ADDRESS
349,350,CURRENT_ADDRESS
353,354,CURRENT_ADDRESS
357,354,CURRENT_ADDRESS
360,354,CURRENT_ADDRESS
363,364,CURRENT_ADDRESS
367,368,CURRENT_ADDRESS
369,370,CURRENT_ADDRESS
373,370,CURRENT_ADDRESS
376,370,CURRENT_ADDRESS
379,370,CURRENT_ADDRESS
382,383,CURRENT_ADDRESS
386,383,CURRENT_ADDRESS
389,390,CURRENT_ADDRESS
393,394,CURRENT_ADDRESS
397,398,CURRENT_ADDRESS
401,402,CURRENT_ADDRESS
403,404,CURRENT_ADDRESS
407,408,CURRENT_ADDRESS
411,412,CURRENT_ADDRESS
415,416,CURRENT_ADDRESS
419,420,CURRENT_ADDRESS
423,424,CURRENT_ADDRESS
427,428,CURRENT_ADDRESS
431,432,CURRENT_ADDRESS
433,432,CURRENT_ADDRESS
436,437,CURRENT_ADDRESS
440,441,CURRENT_ADDRESS
444,445,CURRENT_ADDRESS
448,449,CURRENT_ADDRESS
452,453,CURRENT_ADDRESS
456,457,CURRENT_ADDRESS
460,461,CURRENT_ADDRESS
464,465,CURRENT_ADDRESS
468,465,CURRENT_ADDRESS
471,472,CURRENT_ADDRESS
475,476,CURRENT_ADDRESS
479,480,CURRENT_ADDRESS
483,484,CURRENT_ADDRESS
487,484,CURRENT_ADDRESS
490,491,CURRENT_ADDRESS
494,495,CURRENT_ADDRESS
496,497,CURRENT_ADDRESS
500,497,CURRENT_ADDRESS
503,504,CURRENT_ADDRESS
505,506,CURRENT_ADDRESS
509,506,CURRENT_ADDRESS
512,513,CURRENT_ADDRESS
516,513,CURRENT_ADDRESS
519,520,CURRENT_ADDRESS
523,524,CURRENT_ADDRESS
527,528,CURRENT_ADDRESS
531,532,CURRENT_ADDRESS
535,536,CURRENT_ADDRESS
539,540,CURRENT_ADDRESS
543,540,CURRENT_ADDRESS
546,547,CURRENT_ADDRESS
550,551,CURRENT_ADDRESS
554,555,CURRENT_ADDRESS
558,559,CURRENT_ADDRESS
562,559,CURRENT_ADDRESS
565,566,CURRENT_ADDRESS
569,566,CURRENT_ADDRESS
572,573,CURRENT_ADDRESS
576,577,CURRENT_ADDRESS
580,581,CURRENT_ADDRESS
584,585,CURRENT_ADDRESS
588,589,CURRENT_ADDRESS
592,593,CURRENT_ADDRESS
596,597,CURRENT_ADDRESS
600,601,CURRENT_ADDRESS
604,605,CURRENT_ADDRESS
608,605,CURRENT_ADDRESS
611,605,CURRENT_ADDRESS
614,615,CURRENT_ADDRESS
618,619,CURRENT_ADDRESS
622,623,CURRENT_ADDRESS
626,627,CURRENT_ADDRESS
630,631,CURRENT_ADDRESS
634,635,CURRENT_ADDRESS
638,639,CURRENT_ADDRESS
640,641,CURRENT_ADDRESS
644,645,CURRENT_ADDRESS
646,647,CURRENT_ADDRESS
650,651,CURRENT_ADDRESS
654,655,CURRENT_ADDRESS
658,659,CURRENT_ADDRESS
662,663,CURRENT_ADDRESS
666,667,CURRENT_ADDRESS
670,671,CURRENT_ADDRESS
674,675,CURRENT_ADDRESS
678,679,CURRENT_ADDRESS
682,679,CURRENT_ADDRESS
685,686,CURRENT_ADDRESS
689,690,CURRENT_ADDRESS
693,694,CURRENT_ADDRESS
697,698,CURRENT_ADDRESS
701,702,CURRENT_ADDRESS
705,702,CURRENT_ADDRESS
706,702,CURRENT_ADDRESS
709,710,CURRENT_ADDRESS
713,710,CURRENT_ADDRESS
716,717,CURRENT_ADDRESS
720,721,CURRENT_ADDRESS
724,725,CURRENT_ADDRESS
726,727,CURRENT_ADDRESS
728,729,CURRENT_ADDRESS
732,733,CURRENT_ADDRESS
736,737,CURRENT_ADDRESS
740,741,CURRENT_ADDRESS
744,745,CURRENT_ADDRESS
748,749,CURRENT_ADDRESS
752,753,CURRENT_ADDRESS
756,757,CURRENT_ADDRESS
760,761,CURRENT_ADDRESS
764,765,CURRENT_ADDRESS
768,769,CURRENT_ADDRESS
776,777,CURRENT_ADDRESS
780,777,CURRENT_ADDRESS
783,777,CURRENT_ADDRESS
784,785,CURRENT_ADDRESS
788,789,CURRENT_ADDRESS
792,793,CURRENT_ADDRESS
796,797,CURRENT_ADDRESS
798,799,CURRENT_ADDRESS
802,803,CURRENT_ADDRESS
806,807,CURRENT_ADDRESS
810,807,CURRENT_ADDRESS
813,807,CURRENT_ADDRESS
816,817,CURRENT_ADDRESS
820,821,CURRENT_ADDRESS
824,825,CURRENT_ADDRESS
828,829,CURRENT_ADDRESS
832,833,CURRENT_ADDRESS
836,833,CURRENT_ADDRESS
839,840,CURRENT_ADDRESS
843,844,CURRENT_ADDRESS
847,848,CURRENT_ADDRESS
849,850,CURRENT_ADDRESS
853,854,CURRENT_ADDRESS
857,858,CURRENT_ADDRESS
861,862,CURRENT_ADDRESS
863,864,CURRENT_ADDRESS
867,864,CURRENT_ADDRESS
870,871,CURRENT_ADDRESS
874,871,CURRENT_ADDRESS
877,878,CURRENT_ADDRESS
881,882,CURRENT_ADDRESS
885,882,CURRENT_ADDRESS
888,889,CURRENT_ADDRESS
892,893,CURRENT_ADDRESS
896,897,CURRENT_ADDRESS
900,901,CURRENT_ADDRESS
904,905,CURRENT_ADDRESS
908,909,CURRENT_ADDRESS
910,911,CURRENT_ADDRESS
914,911,CURRENT_ADDRESS
917,911,CURRENT_ADDRESS
920,911,CURRENT_ADDRESS
923,911,CURRENT_ADDRESS
926,927,CURRENT_ADDRESS
930,931,CURRENT_ADDRESS
934,935,CURRENT_ADDRESS
938,939,CURRENT_ADDRESS
942,943,CURRENT_ADDRESS
946,943,CURRENT_ADDRESS
949,950,CURRENT_ADDRESS
951,952,CURRENT_ADDRESS
955,956,CURRENT_ADDRESS
959,960,CURRENT_ADDRESS
961,962,CURRENT_ADDRESS
965,966,CURRENT_ADDRESS
969,970,CURRENT_ADDRESS
973,974,CURRENT_ADDRESS
977,978,CURRENT_ADDRESS
981,982,CURRENT_ADDRESS
985,986,CURRENT_ADDRESS
989,990,CURRENT_ADDRESS
993,994,CURRENT_ADDRESS
997,998,CURRENT_ADDRESS
1001,1002,CURRENT_ADDRESS
1005,1006,CURRENT_ADDRESS
1009,1010,CURRENT_ADDRESS
1013,1014,CURRENT_ADDRESS
1017,1018,CURRENT_ADDRESS
1021,1018,CURRENT_ADDRESS
1024,1018,CURRENT_ADDRESS
1027,1028,CURRENT_ADDRESS
1031,1032,CURRENT_ADDRESS
1035,1036,CURRENT_ADDRESS
1039,1040,CURRENT_ADDRESS
1043,1040,CURRENT_ADDRESS
1046,1040,CURRENT_ADDRESS
1049,1050,CURRENT_ADDRESS
1053,1054,CURRENT_ADDRESS
1055,1056,CURRENT_ADDRESS
1057,1058,CURRENT_ADDRESS
1061,1062,CURRENT_ADDRESS
1063,1064,CURRENT_ADDRESS
1067,1068,CURRENT_ADDRESS
1069,1070,CURRENT_ADDRESS
1073,1070,CURRENT_ADDRESS
1076,1077,CURRENT_ADDRESS
1080,1081,CURRENT_ADDRESS
1084,1085,CURRENT_ADDRESS
1092,1093,CURRENT_ADDRESS
1096,1097,CURRENT_ADDRESS
1100,1101,CURRENT_ADDRESS
1104,1105,CURRENT_ADDRESS
1108,1105,CURRENT_ADDRESS
1111,1105,CURRENT_ADDRESS
1114,1115,CURRENT_ADDRESS
1118,1119,CURRENT_ADDRESS
1122,1123,CURRENT_ADDRESS
1126,1127,CURRENT_ADDRESS
1128,1127,CURRENT_ADDRESS
1129,1130,CURRENT_ADDRESS
1133,1130,CURRENT_ADDRESS
1134,1135,CURRENT_ADDRESS
1138,1139,CURRENT_ADDRESS
1140,1141,CURRENT_ADDRESS
1144,1145,CURRENT_ADDRESS
1148,1145,CURRENT_ADDRESS
1151,1152,CURRENT_ADDRESS
1155,1156,CURRENT_ADDRESS
1159,1156,CURRENT_ADDRESS
1162,1163,CURRENT_ADDRESS
1166,1167,CURRENT_ADDRESS
1170,1171,CURRENT_ADDRESS
1174,1175,CURRENT_ADDRESS
1178,1179,CURRENT_ADDRESS
1182,1183,CURRENT_ADDRESS
1186,1187,CURRENT_ADDRESS
1190,1191,CURRENT_ADDRESS
1194,1195,CURRENT_ADDRESS
1198,1199,CURRENT_ADDRESS
1202,1203,CURRENT_ADDRESS
1206,1207,CURRENT_ADDRESS
1210,1211,CURRENT_ADDRESS
1214,1215,CURRENT_ADDRESS
1218,1219,CURRENT_ADDRESS
1222,1223,CURRENT_ADDRESS
1226,1227,CURRENT_ADDRESS
1230,1231,CURRENT_ADDRESS
1234,1235,CURRENT_ADDRESS
1238,1239,CURRENT_ADDRESS
1242,1243,CURRENT_ADDRESS
1244,1245,CURRENT_ADDRESS
1246,1247,CURRENT_ADDRESS
1250,1247,CURRENT_ADDRESS
1253,1254,CURRENT_ADDRESS
1257,1258,CURRENT_ADDRESS
1261,1262,CURRENT_ADDRESS
1265,1262,CURRENT_ADDRESS
1268,1262,CURRENT_ADDRESS
1271,1272,CURRENT_ADDRESS
1275,1276,CURRENT_ADDRESS
1277,1278,CURRENT_ADDRESS
1279,1280,CURRENT_ADDRESS
1283,1280,CURRENT_ADDRESS
1286,1280,CURRENT_ADDRESS
1289,1290,CURRENT_ADDRESS
1293,1294,CURRENT_ADDRESS
1297,1298,CURRENT_ADDRESS
1301,1298,CURRENT_ADDRESS
1304,1305,CURRENT_ADDRESS
1308,1309,CURRENT_ADDRESS
1312,1313,CURRENT_ADDRESS
1316,1317,CURRENT_ADDRESS
1320,1317,CURRENT_ADDRESS
1088,11735,CURRENT_ADDRESS
772,1239,CURRENT_ADDRESS
