:ID,email_address,:LABEL
4,bhamilton3h@twitter.com,Email
8,ncampbell1@marriott.com,Email
12,tgarcia3@macromedia.com,Email
15,rturner4@wsj.com,Email
19,mkelly5@symantec.com,Email
22,sperez6@51.la,Email
26,drodriguez8@archive.org,Email
30,awashingtond@vinaora.com,Email
34,nmasone@unc.edu,Email
38,lwarrenf@google.cn,Email
42,pmyersg@ocn.ne.jp,Email
46,myoungk@earthlink.net,Email
49,shughesm@php.net,Email
52,pgibsono@netvibes.com,Email
56,pnguyenq@prnewswire.com,Email
61,lparkert@sakura.ne.jp,Email
65,swhitex@blog.com,Email
69,pmason10@telegraph.co.uk,Email
73,anguyen14@pagesperso-orange.fr,Email
77,mpeters15@ted.com,Email
81,lrose19@t.co,Email
85,slynch1c@squidoo.com,Email
89,pburns1f@wp.com,Email
97,dcox1n@live.com,Email
101,skelly1o@fema.gov,Email
105,mmason1t@ning.com,Email
109,mhughes1w@so-net.ne.jp,Email
113,tharrison1y@g.co,Email
117,cgordon21@discuz.net,Email
120,bthompson23@netvibes.com,Email
123,baustin25@huffingtonpost.com,Email
127,lhernandez26@hud.gov,Email
130,lporter29@fotki.com,Email
134,dmcdonald2a@reuters.com,Email
140,mlewis2d@wsj.com,Email
146,cchavez2j@blinklist.com,Email
150,abennett2n@furl.net,Email
154,iaustin2s@imdb.com,Email
158,sruiz2t@sourceforge.net,Email
161,dmills2u@walmart.com,Email
165,mwarren30@fastcompany.com,Email
169,jfernandez32@vinaora.com,Email
173,hgarrett35@mac.com,Email
178,slee37@networkadvertising.org,Email
182,krogers38@prlog.org,Email
186,ggrant39@ifeng.com,Email
190,tgarza3a@amazon.co.jp,Email
194,glane3c@networkadvertising.org,Email
198,dcole3e@fda.gov,Email
202,arobertson3f@sun.com,Email
206,parnold3g@pcworld.com,Email
210,pscott3i@rakuten.co.jp,Email
213,lbaker3m@jiathis.com,Email
216,rlong3q@photobucket.com,Email
220,jking3s@cocolog-nifty.com,Email
224,jbarnes3t@latimes.com,Email
228,rgreen3v@latimes.com,Email
231,btorres3w@state.tx.us,Email
235,rcrawford3y@wunderground.com,Email
239,cbrown41@yellowbook.com,Email
245,wwebb44@yellowpages.com,Email
248,khawkins45@booking.com,Email
251,jgray4b@senate.gov,Email
255,lstephens4f@sciencedaily.com,Email
259,jdunn4j@icio.us,Email
263,spayne4m@ow.ly,Email
267,pwelch4p@ezinearticles.com,Email
271,ewood4q@ftc.gov,Email
275,rcastillo4r@1688.com,Email
279,hhoward4y@diigo.com,Email
283,jcoleman53@infoseek.co.jp,Email
287,chayes54@census.gov,Email
291,rhanson55@japanpost.jp,Email
295,rlee56@ifeng.com,Email
301,dmoreno5b@photobucket.com,Email
305,nwoods5d@myspace.com,Email
309,wlawrence5f@livejournal.com,Email
313,hsims5h@ted.com,Email
316,nwatson5i@eepurl.com,Email
322,rbradley5o@auda.org.au,Email
326,krobertson5p@sciencedirect.com,Email
330,afox5q@bbc.co.uk,Email
334,rwilliamson5t@sphinn.com,Email
338,rparker5u@twitpic.com,Email
342,sthompson5v@economist.com,Email
346,pelliott61@cbsnews.com,Email
352,lturner68@ning.com,Email
356,pmurray69@pbs.org,Email
359,jblack6a@amazon.de,Email
362,wweaver6b@theguardian.com,Email
366,psanders6c@oracle.com,Email
372,rhunter6m@xing.com,Email
375,dwagner6p@w3.org,Email
378,jmoore6q@icio.us,Email
381,brobinson6v@shutterfly.com,Email
385,bwest6y@deviantart.com,Email
388,hcoleman73@e-recht24.de,Email
392,jrogers74@mayoclinic.com,Email
396,kpeterson76@tinyurl.com,Email
400,jmoreno77@fotki.com,Email
406,jlewis7c@answers.com,Email
410,eblack7f@state.tx.us,Email
414,cfoster7g@springer.com,Email
418,dford7h@skype.com,Email
422,amcdonald7l@ebay.com,Email
426,jmurphy7m@tinypic.com,Email
430,redwards7o@wordpress.com,Email
435,jfox7v@imdb.com,Email
439,pgardner7x@feedburner.com,Email
443,kevans7z@mtv.com,Email
447,awatson82@histats.com,Email
451,acooper84@a8.net,Email
455,bedwards8a@ihg.com,Email
459,pmcdonald8c@tripod.com,Email
463,dmartin8d@imgur.com,Email
467,jrodriguez8h@ning.com,Email
470,bbaker8i@furl.net,Email
474,pcarr8n@latimes.com,Email
478,nhernandez8o@angelfire.com,Email
482,rortiz8s@artisteer.com,Email
486,saustin8t@admin.ch,Email
489,arice8u@amazon.co.jp,Email
493,mcruz8w@gov.uk,Email
499,jarnold90@elpais.com,Email
502,djordan92@salon.com,Email
508,mphillips96@zdnet.com,Email
511,ageorge99@sourceforge.net,Email
515,brussell9e@fema.gov,Email
518,cmatthews9i@google.com.br,Email
522,jrussell9j@cmu.edu,Email
526,rfuller9l@geocities.jp,Email
530,wdixon9o@usa.gov,Email
534,bbailey9p@symantec.com,Email
538,jpayne9q@globo.com,Email
542,chawkins9t@ovh.net,Email
545,ftaylor9u@blogs.com,Email
549,bmorenoa3@cnbc.com,Email
553,rpiercea6@google.fr,Email
557,mpattersona7@infoseek.co.jp,Email
561,ccastilloaf@blogspot.com,Email
564,jweaverai@usatoday.com,Email
568,ccarpenteraj@wikispaces.com,Email
571,cknightam@shareasale.com,Email
575,jjacobsan@storify.com,Email
579,amccoyao@disqus.com,Email
583,ltuckerap@example.com,Email
587,jgarzaaq@intel.com,Email
591,egutierrezat@elegantthemes.com,Email
595,npayneau@craigslist.org,Email
599,jreidav@photobucket.com,Email
603,bboydax@skyrock.com,Email
607,rcruzaz@prlog.org,Email
610,jmurrayb3@usgs.gov,Email
613,llarsonb5@bloglines.com,Email
617,jholmesb6@ebay.co.uk,Email
621,sburkeb9@prlog.org,Email
625,jrogersbb@multiply.com,Email
629,jfernandezbc@newyorker.com,Email
633,arobertsonbd@liveinternet.ru,Email
637,lfranklinbe@ask.com,Email
643,afreemanbg@home.pl,Email
649,jburkebk@biblegateway.com,Email
653,gvasquezbm@sitemeter.com,Email
657,mriverabo@jalbum.net,Email
661,dstanleybu@about.me,Email
665,hrobertsonbv@feedburner.com,Email
669,calexanderbw@clickbank.net,Email
673,nhansenbx@e-recht24.de,Email
677,mspencerc1@phoca.cz,Email
681,rcolemanc5@qq.com,Email
684,eandersonc8@yahoo.co.jp,Email
688,hpattersoncb@ovh.net,Email
692,fwilliamsoncc@washingtonpost.com,Email
696,hdaycf@feedburner.com,Email
700,wperezcg@jiathis.com,Email
704,rnicholsch@yolasite.com,Email
708,ahernandezcn@paginegialle.it,Email
712,rreynoldsco@gravatar.com,Email
715,ageorgecp@telegraph.co.uk,Email
719,jfordcr@bigcartel.com,Email
723,dbutlercs@amazonaws.com,Email
731,kfranklincy@purevolume.com,Email
735,lhuntercz@apache.org,Email
739,njacksond6@huffingtonpost.com,Email
743,dbradleyd8@sogou.com,Email
747,varmstrongdd@cbslocal.com,Email
751,mjohnstondj@craigslist.org,Email
755,fsullivandl@eepurl.com,Email
759,rwarrendn@slashdot.org,Email
763,lboydds@paypal.com,Email
767,jfosterdt@berkeley.edu,Email
771,mgibsondu@msn.com,Email
775,kalexanderak@wsj.com,Email
779,bkennedy4a@nationalgeographic.com,Email
782,dfrazier80@dagondesign.com,Email
787,ewilliamson6e@stanford.edu,Email
791,cross65@cbc.ca,Email
795,wnguyen7i@reference.com,Email
801,staylor16@loc.gov,Email
805,vallen9v@reuters.com,Email
809,dhall4v@wiley.com,Email
812,rhansen9a@ycombinator.com,Email
815,kharper5z@bloglovin.com,Email
819,cblack5k@nasa.gov,Email
823,cwhite8k@nasa.gov,Email
827,kwood5m@naver.com,Email
831,awillis9r@boston.com,Email
835,mdaniels63@paypal.com,Email
838,mmurrayd1@independent.co.uk,Email
842,smyersas@google.com,Email
846,eclark1u@4shared.com,Email
852,jjohnstonc@redcross.org,Email
856,bmartin6f@bing.com,Email
860,abailey4o@springer.com,Email
866,kpetersdo@sourceforge.net,Email
869,dmurray2p@phoca.cz,Email
873,kwheelera8@qq.com,Email
876,awarddi@youku.com,Email
880,jpowell72@npr.org,Email
884,jcampbell1p@drupal.org,Email
887,gowens20@netlog.com,Email
891,jwoods22@delicious.com,Email
895,mjackson8l@examiner.com,Email
899,ahicks5e@umn.edu,Email
903,jcrawford4t@facebook.com,Email
907,jhudsond0@bbc.co.uk,Email
913,pperry4d@goo.ne.jp,Email
916,pbryantct@walmart.com,Email
919,dford8e@yandex.ru,Email
922,jhuntci@acquirethisname.com,Email
925,hlopez7y@feedburner.com,Email
929,wmasondf@wikimedia.org,Email
933,achapmanb7@bloglovin.com,Email
937,kcarrollh@webnode.com,Email
941,jfieldsc4@sakura.ne.jp,Email
945,gross34@i2i.jp,Email
948,hrice12@odnoklassniki.ru,Email
954,lreed9d@nydailynews.com,Email
958,mlawrence6j@163.com,Email
964,wsmith9c@nhs.uk,Email
968,bmoore1g@rediff.com,Email
972,rbrooksn@umich.edu,Email
976,aduncan3x@marriott.com,Email
980,wwheeler2b@economist.com,Email
984,drobinson52@vk.com,Email
988,cpatterson7a@sbwire.com,Email
992,kallenca@alexa.com,Email
996,jfloresba@istockphoto.com,Email
1000,cmatthews4s@utexas.edu,Email
1004,bcook18@blog.com,Email
1008,jreyesbl@is.gd,Email
1012,clawrence6u@hud.gov,Email
1016,coliver28@biblegateway.com,Email
1020,djackson7t@themeforest.net,Email
1023,bwillisac@weather.com,Email
1026,afoster97@altervista.org,Email
1030,sjacksonbh@1688.com,Email
1034,pshaw81@addthis.com,Email
1038,hjonesdg@google.com.hk,Email
1042,wnguyen7n@homestead.com,Email
1045,jjacobs1m@apache.org,Email
1048,abradleya0@ca.gov,Email
1052,haustini@unblog.fr,Email
1060,bwilliamsbs@last.fm,Email
1066,cmartin71@google.it,Email
1072,tpowell33@163.com,Email
1075,aalexander9b@bbc.co.uk,Email
1079,psims24@redcross.org,Email
1083,pbutlercj@exblog.jp,Email
1087,vharpery@prlog.org,Email
1091,cmarshall8m@phpbb.com,Email
1095,amoreno6r@4shared.com,Email
1099,jellis66@theglobeandmail.com,Email
1103,jshawd9@webnode.com,Email
1107,jmccoyd5@php.net,Email
1110,pturner6o@unc.edu,Email
1113,phansonby@vk.com,Email
1117,aphillips8p@nasa.gov,Email
1121,ethompson9y@google.com.br,Email
1125,kelliottd7@dell.com,Email
1132,fchapman17@phoca.cz,Email
1137,jfuller6l@ameblo.jp,Email
1143,wmurray75@etsy.com,Email
1147,lmartinez7s@hubpages.com,Email
1150,jcunningham83@ask.com,Email
1154,hjacobs91@virginia.edu,Email
1158,dbrown93@huffingtonpost.com,Email
1161,tfoster95@mayoclinic.com,Email
1165,holiver9w@hud.gov,Email
1169,jhamiltona2@angelfire.com,Email
1173,egutierrezab@yolasite.com,Email
1177,eberryad@myspace.com,Email
1181,ageorgeal@so-net.ne.jp,Email
1185,nhughesar@nytimes.com,Email
1189,jhuntb0@ebay.co.uk,Email
1193,mmillsb8@ycombinator.com,Email
1197,pwheelerbn@jugem.jp,Email
1201,amontgomerybq@chron.com,Email
1205,jfullerbr@pinterest.com,Email
1209,mmartinc6@ibm.com,Email
1213,wjamescl@google.ru,Email
1217,egreencm@infoseek.co.jp,Email
1221,djohnstoncq@indiatimes.com,Email
1225,cfullerd3@amazon.com,Email
1229,lhughesdk@who.int,Email
1233,pjenkinsdm@bbc.co.uk,Email
1237,kfernandezdp@geocities.com,Email
1241,bgilbert3b@google.pl,Email
1249,ihansonl@php.net,Email
1252,ldayu@cnn.com,Email
1256,jbutlerw@sogou.com,Email
1260,dnichols13@cbsnews.com,Email
1264,lrichards1z@google.ca,Email
1267,amurphy2f@slate.com,Email
1270,cknight2k@jiathis.com,Email
1274,mhowell2m@dailymail.co.uk,Email
1282,pwilliamson3p@google.com.hk,Email
1285,jkelly3z@google.com.hk,Email
1288,bmorales43@washington.edu,Email
1292,drogers48@wisc.edu,Email
1296,jnguyen4c@pcworld.com,Email
1300,nbarnes4k@ow.ly,Email
1303,vgibson4z@shutterfly.com,Email
1307,rdean5c@webeden.co.uk,Email
1311,pcarr5n@ustream.tv,Email
1315,cgray5r@about.me,Email
1319,dbradley60@ebay.co.uk,Email
1322,daustin67@dion.ne.jp,Email
