:ID,badge_no,rank,name,surname,:LABEL
1323,80-1015383,Sergeant,Sophronia,Lineen,Officer
1324,70-0643982,Inspector,Uri,Glossup,Officer
1340,57-6110377,Police Constable,Christian,Hannam,Officer
1341,18-0221971,Chief Inspector,Eimile,Lampet,Officer
1342,38-1719233,Chief Inspector,Wynn,Makinson,Officer
1343,40-7616012,Inspector,Isahella,Redhills,Officer
1344,73-5613011,Sergeant,Curr,Gally,Officer
1345,67-8568317,Police Constable,Aguie,Clampett,Officer
1346,04-6245275,Police Constable,Von,Death,Officer
1347,58-8136720,Police Constable,Isak,Basley,Officer
1348,99-6824583,Sergeant,Elisha,McCabe,Officer
1349,03-6336692,Police Constable,Marketa,Aykroyd,Officer
1350,61-5139396,Sergeant,Ford,Ossenna,Officer
1351,07-0760506,Police Constable,Hendrik,Aldrich,Officer
1352,46-4142794,Police Constable,Fanchette,Oke,Officer
1353,78-0904232,Sergeant,Reeba,Swait,Officer
1354,66-8234686,Police Constable,Stephie,Barthot,Officer
1355,68-2597189,Chief Inspector,Kerianne,Fundell,Officer
1356,04-8051061,Sergeant,Britta,Birdwhistle,Officer
1357,07-4242921,Inspector,Elbert,Priver,Officer
1358,36-9367151,Sergeant,Jule,Fellona,Officer
1359,56-1379923,Police Constable,Bernardo,Heaven,Officer
1360,52-4552347,Chief Inspector,Enrica,Carnalan,Officer
1361,29-7173412,Chief Inspector,Mag,Fayers,Officer
1362,30-7821596,Sergeant,Bertie,Vawton,Officer
1363,45-3793302,Sergeant,Prentice,Gronow,Officer
1364,52-3889586,Police Constable,Shell,O'Griffin,Officer
1365,29-8513831,Police Constable,Jude,Harme,Officer
1366,26-0892229,Sergeant,Kermy,McKimmie,Officer
1367,91-0081802,Police Constable,Tab,Aberdeen,Officer
1368,45-7784686,Chief Inspector,Reinold,Fley,Officer
1369,87-6776961,Sergeant,Avery,Spridgen,Officer
1370,04-5664884,Police Constable,Cloe,Ings,Officer
1371,09-0665247,Police Constable,Zackariah,Rosenfrucht,Officer
1372,11-1143043,Police Constable,Lyle,Huntingford,Officer
1373,76-5478711,Chief Inspector,Horacio,Putnam,Officer
1374,44-1820214,Police Constable,Corine,Burgot,Officer
1375,71-4967325,Sergeant,Allyce,Corwood,Officer
1376,35-2275012,Inspector,Mateo,Cajkler,Officer
1377,80-7399538,Police Constable,Kari,Longford,Officer
1378,15-8164579,Police Constable,Elspeth,Butterley,Officer
1379,90-5774272,Sergeant,Tera,Havill,Officer
1380,43-9926362,Sergeant,Julita,Searles,Officer
1381,58-7557477,Sergeant,Bert,Medlar,Officer
1382,26-7672604,Chief Inspector,Eugenius,Maywood,Officer
1383,09-9146947,Chief Inspector,Hillel,Skocroft,Officer
1384,93-1683381,Police Constable,Brock,Melato,Officer
1385,08-6665528,Sergeant,Lane,Domelow,Officer
1386,87-3755258,Police Constable,Cher,Cuttings,Officer
1387,26-9712149,Police Constable,Robbyn,O'Dogherty,Officer
1388,92-4748661,Sergeant,Rosabella,Schuler,Officer
1389,29-6039192,Sergeant,Brittney,Pleass,Officer
1390,09-0490809,Police Constable,Duke,McClure,Officer
1391,55-5065910,Sergeant,Jacques,Malster,Officer
1392,76-3608927,Police Constable,Jdavie,Moubray,Officer
1393,58-3171669,Sergeant,Fonzie,Mardling,Officer
1394,43-1946902,Inspector,Benton,Nerney,Officer
1395,17-6576339,Chief Inspector,Nevsa,Penley,Officer
1396,76-2131207,Chief Inspector,Edgar,Brauner,Officer
1397,70-6853979,Sergeant,Abbi,Gove,Officer
1398,09-9972337,Sergeant,Olav,Anderer,Officer
1399,99-5524612,Police Constable,Cristal,Kneesha,Officer
1400,60-2236534,Police Constable,Lin,Gustus,Officer
1401,30-5668222,Sergeant,Della,Minchin,Officer
1402,81-0745910,Inspector,Lorrayne,Petchell,Officer
1403,27-2064189,Chief Inspector,Sisile,Christofe,Officer
1404,78-7573080,Inspector,Colan,Coot,Officer
1405,81-0507721,Police Constable,Bertine,Ghirardi,Officer
1406,36-5949947,Police Constable,Fremont,Kitchingham,Officer
1407,21-2335972,Police Constable,Kelley,Crowdson,Officer
1408,77-8301808,Police Constable,Cecil,Tommeo,Officer
1409,68-2146222,Chief Inspector,Kevina,BoHlingolsen,Officer
1410,65-1090922,Inspector,Pail,Stodart,Officer
1411,37-7974371,Chief Inspector,Darla,Philpot,Officer
1412,03-2242365,Sergeant,Maximilianus,Byk,Officer
1413,93-8871650,Police Constable,Solly,Girk,Officer
1414,18-3633307,Police Constable,Ashbey,Ordemann,Officer
1415,56-8615043,Sergeant,Ollie,Cundict,Officer
1416,98-0716361,Inspector,Ulrica,Budibent,Officer
1417,42-3989930,Inspector,Nomi,Abramchik,Officer
1418,69-9168626,Sergeant,Clerissa,Gerald,Officer
1419,20-1567812,Inspector,Kean,Channing,Officer
1420,59-2273163,Police Constable,Garvey,Imason,Officer
1421,83-4674096,Police Constable,Georgie,Prugel,Officer
1422,64-5755615,Police Constable,Karrah,Laneham,Officer
1423,58-2814054,Police Constable,Sharlene,Thebeau,Officer
1424,05-3945748,Inspector,Tab,Champneys,Officer
1425,63-3767512,Chief Inspector,Carroll,Kenson,Officer
1426,58-7265197,Police Constable,Cecil,Potteril,Officer
1427,54-9607307,Police Constable,Gregorius,Shakesby,Officer
1428,78-4060866,Inspector,Kara,Rings,Officer
1429,45-6900887,Inspector,Stephani,Willatt,Officer
1430,09-0695812,Sergeant,Rici,Froom,Officer
1431,33-3259562,Sergeant,Averell,Goodlife,Officer
1432,24-7715198,Sergeant,Orella,Pardy,Officer
1433,74-2393363,Police Constable,Paolina,Hellwig,Officer
1434,40-0798620,Sergeant,Flory,Stockwell,Officer
1435,25-1044223,Sergeant,Heddi,Duny,Officer
1436,57-2987029,Sergeant,Davidson,Dureden,Officer
1437,72-9772701,Sergeant,Clifford,Gotecliffe,Officer
1438,07-8979655,Sergeant,Dolorita,Trulocke,Officer
1439,46-9283679,Sergeant,Tori,Stamps,Officer
1440,25-8016501,Police Constable,Pavel,Ojeda,Officer
1441,00-8423298,Inspector,Dyane,Spearing,Officer
1442,94-2794985,Police Constable,Angeli,Stretton,Officer
1443,96-1978490,Inspector,Demetri,Ossulton,Officer
1444,21-8560231,Inspector,Cully,Dowsett,Officer
1445,50-9611192,Sergeant,Marla,MacAlister,Officer
1446,48-6484064,Police Constable,Bryce,McEnery,Officer
1447,80-2249206,Sergeant,Shepperd,Meller,Officer
1448,93-2235818,Police Constable,Gwenny,Damp,Officer
1449,69-5308236,Sergeant,Lavinia,Sprosson,Officer
1450,37-6437087,Police Constable,Blondell,Bough,Officer
1451,70-1921906,Sergeant,John,Catlow,Officer
1452,04-8019087,Police Constable,Dixie,Ranscomb,Officer
1453,83-7570929,Police Constable,Lance,Cosens,Officer
1454,49-5476687,Chief Inspector,Roberto,Febry,Officer
1455,03-6577521,Police Constable,Crystal,Ellwell,Officer
1456,11-6453663,Police Constable,Eva,Chattoe,Officer
1457,09-0287768,Sergeant,Consuela,Eliaz,Officer
1458,80-2643997,Police Constable,Devlen,Dever,Officer
1459,42-4529912,Sergeant,Waldo,Derisley,Officer
1460,30-3751067,Sergeant,Pauletta,Iddison,Officer
1461,16-7313417,Police Constable,Alli,Yukhnevich,Officer
1462,31-3168477,Police Constable,Kendell,Kilpatrick,Officer
1463,63-3106845,Sergeant,Danya,Brittle,Officer
1464,84-0741935,Police Constable,Bren,Bedminster,Officer
1465,41-3668109,Police Constable,Alicia,Cunningham,Officer
1466,86-5170403,Inspector,Edd,Conquer,Officer
1467,26-1057574,Police Constable,Karon,Biggerstaff,Officer
1468,48-8901533,Inspector,Jayne,Anning,Officer
1469,91-2649451,Police Constable,Daloris,Nore,Officer
1470,37-1519313,Sergeant,Ruthanne,Midghall,Officer
1471,88-3521404,Sergeant,Terencio,Owbridge,Officer
1472,91-9168997,Police Constable,Goddart,Caen,Officer
1473,79-5257462,Inspector,Charmian,Dorcey,Officer
1474,60-5645607,Sergeant,Cordy,Beers,Officer
1475,49-0023781,Police Constable,Riki,Beaten,Officer
1476,32-5183220,Police Constable,Winnifred,Beadel,Officer
1477,09-5443922,Police Constable,Ryon,Titchmarsh,Officer
1478,21-8200579,Police Constable,Tann,Duchan,Officer
1479,06-8330337,Police Constable,Elihu,Anstee,Officer
1480,10-5605873,Police Constable,Randolph,Ovendale,Officer
1481,40-2943354,Police Constable,Harris,Sutlieff,Officer
1482,16-9840888,Chief Inspector,Mac,Gounel,Officer
1483,62-8973709,Sergeant,Caspar,Boss,Officer
1484,83-7745462,Sergeant,Natala,Wookey,Officer
1485,95-4833690,Police Constable,Ashleigh,Roscamps,Officer
1486,57-3662774,Sergeant,Kacy,Drayn,Officer
1487,79-6022414,Inspector,Leroy,Redgrave,Officer
1488,71-6459623,Chief Inspector,Kort,Monelli,Officer
1489,71-5715164,Inspector,Burnaby,Labrenz,Officer
1490,28-1242946,Chief Inspector,Gweneth,Bims,Officer
1491,96-6724375,Inspector,Jessie,McGavin,Officer
1492,08-7441488,Sergeant,Keslie,Stoate,Officer
1493,09-4042541,Sergeant,Angelle,Brimm,Officer
1494,22-9974868,Sergeant,Nady,Forsdicke,Officer
1495,69-8126297,Police Constable,Pauline,Petrasso,Officer
1496,67-4321159,Police Constable,Reginald,Halversen,Officer
1497,88-5338872,Sergeant,Othilia,Petrushka,Officer
1498,30-5646391,Police Constable,Borg,Tennick,Officer
1499,76-3166232,Inspector,Clerkclaude,Meagh,Officer
1500,78-7558337,Sergeant,Celina,Cawkwell,Officer
1501,99-3043962,Sergeant,Sanson,Formoy,Officer
1502,77-3925197,Inspector,Corrie,Gorvin,Officer
1503,32-1010576,Sergeant,Lindon,Capehorn,Officer
1504,51-0319389,Police Constable,Herbert,Cerie,Officer
1505,23-6501031,Chief Inspector,Jo ann,Dack,Officer
1506,78-9479915,Sergeant,Starlene,Gracewood,Officer
1507,70-2645041,Police Constable,Eyde,Drewett,Officer
1508,91-4657657,Chief Inspector,Major,Coneley,Officer
1509,83-2908831,Police Constable,Shane,Pearman,Officer
1510,24-1627055,Sergeant,Agnesse,Matchitt,Officer
1511,30-2717379,Police Constable,Dorothea,Blann,Officer
1512,53-7043460,Inspector,Edithe,Thackray,Officer
1513,62-7951972,Police Constable,Arv,Bugge,Officer
1514,18-9488684,Sergeant,Tito,Schonfeld,Officer
1515,38-9256673,Police Constable,Nevsa,De Domenico,Officer
1516,11-4987002,Inspector,Ashely,Willerson,Officer
1517,06-7007636,Sergeant,Shane,Hawyes,Officer
1518,02-6192850,Police Constable,Annaliese,Chesnut,Officer
1519,64-0118295,Sergeant,Hayley,Deignan,Officer
1520,66-4192998,Sergeant,Benoite,Crampin,Officer
1521,70-5119724,Police Constable,Jacquetta,Rachuig,Officer
1522,26-5234182,Police Constable,Devy,Larive,Officer
1523,56-2682427,Police Constable,Myrwyn,Yablsley,Officer
1524,45-7862483,Police Constable,Manfred,Gateman,Officer
1525,54-6190693,Inspector,Frederick,Jecks,Officer
1526,13-4982566,Sergeant,Shurlocke,Woolstenholmes,Officer
1527,83-2985547,Chief Inspector,Desmund,Sinyard,Officer
1528,28-6802698,Inspector,Susannah,Bille,Officer
1529,37-2089868,Police Constable,Pauletta,Harrowsmith,Officer
1530,87-7160540,Chief Inspector,Alasdair,Semrad,Officer
1531,91-7485660,Sergeant,Mohandis,Westcarr,Officer
1532,39-3093695,Police Constable,Catherin,Stenson,Officer
1533,64-7144423,Sergeant,Jarret,Stowgill,Officer
1534,01-0363085,Inspector,Jeannine,Loveridge,Officer
1535,30-4315842,Inspector,Kerrie,Boldra,Officer
1536,48-0216838,Sergeant,Madelon,DeSousa,Officer
1537,82-7442013,Police Constable,Claiborne,Bradnick,Officer
1538,73-3446656,Inspector,Appolonia,Baynam,Officer
1539,27-7133420,Police Constable,Bartlett,Brack,Officer
1540,90-2637089,Chief Inspector,Sloan,Blumer,Officer
1541,09-0580562,Sergeant,Mary,Billinge,Officer
1542,41-5474369,Inspector,Allianora,Backwell,Officer
1543,97-1936274,Police Constable,Lory,Rogans,Officer
1544,17-7655790,Sergeant,Hermina,Bownass,Officer
1545,12-8605514,Inspector,Linet,Beeson,Officer
1546,17-9553526,Inspector,Shelli,Kurth,Officer
1547,12-6282925,Police Constable,Hilda,Pointon,Officer
1548,74-1715628,Sergeant,Estelle,Pee,Officer
1549,66-2417346,Sergeant,Marylou,de Verson,Officer
1550,94-0458694,Sergeant,Kerri,Swane,Officer
1551,27-0802784,Sergeant,Lilian,Dubbin,Officer
1552,16-4297063,Police Constable,Pat,McDaid,Officer
1553,94-1524149,Inspector,Amie,Curtoys,Officer
1554,91-3194961,Inspector,Ola,Daffern,Officer
1555,42-1431657,Chief Inspector,Faythe,Jeanel,Officer
1556,18-2333257,Police Constable,Suzy,Espadas,Officer
1557,54-7088310,Inspector,Ramona,Fawthrop,Officer
1558,82-9398468,Inspector,Reena,Sterke,Officer
1559,87-2723906,Inspector,Tull,Toomey,Officer
1560,17-1117080,Police Constable,Fidole,Scurfield,Officer
1561,11-8263049,Sergeant,Ellynn,Sargeaunt,Officer
1562,55-5496262,Police Constable,Andonis,La Rosa,Officer
1563,49-0433358,Police Constable,Giacopo,Thornber,Officer
1564,37-1293732,Sergeant,Avis,Clevely,Officer
1565,23-1285259,Sergeant,Burty,Geck,Officer
1566,19-6271042,Sergeant,Flossi,Dafter,Officer
1567,76-9666372,Police Constable,Zorina,Damrell,Officer
1568,92-0932678,Police Constable,Mada,Filisov,Officer
1569,59-3790368,Sergeant,Gladys,Bourhill,Officer
1570,28-5628374,Police Constable,Ruthi,Foat,Officer
1571,33-9882679,Police Constable,Georgeanna,Congreave,Officer
1572,17-1002349,Sergeant,Laureen,Daniele,Officer
1573,91-4825473,Police Constable,Angelle,Dumberell,Officer
1574,54-3174423,Police Constable,Emmott,Orht,Officer
1575,79-0090509,Police Constable,Ronnie,Costley,Officer
1576,81-9146789,Inspector,Heinrick,Winning,Officer
1577,02-5839217,Sergeant,Sheri,Bew,Officer
1578,43-9903898,Police Constable,Boot,Worton,Officer
1579,49-3996996,Police Constable,Marabel,Scanlan,Officer
1580,37-4372470,Sergeant,Augustine,Walbrun,Officer
1581,16-6943437,Sergeant,Dani,Adin,Officer
1582,81-8993908,Police Constable,Harmonia,Harlick,Officer
1583,21-1434615,Sergeant,Eda,Pleming,Officer
1584,99-8402160,Police Constable,Christophorus,Baldrick,Officer
1585,83-2422082,Police Constable,Selinda,Doyland,Officer
1586,69-6229667,Sergeant,Phylis,Ainger,Officer
1587,78-5776797,Inspector,Tyrone,Sword,Officer
1588,79-8453928,Police Constable,Christalle,Kervin,Officer
1589,27-6495308,Inspector,Ezra,Lee,Officer
1590,14-0473379,Inspector,Kahlil,Cardero,Officer
1591,70-6726842,Sergeant,Kerri,Wallas,Officer
1592,41-8321000,Sergeant,Marcia,Pittet,Officer
1593,12-1648459,Inspector,Riley,Craik,Officer
1594,02-9708206,Inspector,Kimball,Darbon,Officer
1595,55-5623906,Sergeant,Hernando,Macias,Officer
1596,55-5266779,Police Constable,Noby,Housin,Officer
1597,35-2368670,Inspector,Fredek,Giacovazzo,Officer
1598,48-8520084,Sergeant,Jorge,Underhill,Officer
1599,68-5663571,Inspector,Hilliard,Hynam,Officer
1600,28-0660332,Police Constable,Bendite,Stafford,Officer
1601,43-0113771,Sergeant,Faunie,Camillo,Officer
1602,21-0331808,Inspector,Connie,Guarin,Officer
1603,43-9123394,Inspector,Lind,Danilowicz,Officer
1604,03-6696553,Chief Inspector,Nedi,Kilmaster,Officer
1605,45-0882075,Sergeant,Giselbert,Maccaig,Officer
1606,47-9849050,Police Constable,Darrick,Aylward,Officer
1607,17-8893581,Police Constable,Beret,MacGuffie,Officer
1608,78-6192255,Inspector,Darbie,Licquorish,Officer
1609,91-8464739,Police Constable,Caesar,Greguol,Officer
1610,31-0459386,Sergeant,Margit,Bosdet,Officer
1611,14-3562764,Chief Inspector,Urban,Stave,Officer
1612,36-7678091,Police Constable,Simmonds,Greensall,Officer
1613,06-1953385,Sergeant,Herbert,Spehr,Officer
1614,40-2945408,Police Constable,Hadria,Boc,Officer
1615,69-8090372,Inspector,Opal,Bouzan,Officer
1616,72-0861445,Sergeant,Yorgo,Draude,Officer
1617,31-2542986,Inspector,Jacintha,Bonwell,Officer
1618,71-9525891,Sergeant,Theresina,Lunam,Officer
1619,06-8230889,Chief Inspector,Omero,Glassup,Officer
1620,17-6375167,Sergeant,Glenna,Riccioppo,Officer
1621,11-7546977,Inspector,Karlyn,Calladine,Officer
1622,18-2062777,Inspector,Amara,Brightwell,Officer
1623,47-1063214,Chief Inspector,Ingamar,Janjusevic,Officer
1624,86-7228737,Inspector,Allard,Nudde,Officer
1625,10-4335238,Police Constable,Nettle,Goneau,Officer
1626,62-7792663,Inspector,Wrennie,Hames,Officer
1627,25-8746593,Police Constable,Selina,Farrant,Officer
1628,96-8692809,Sergeant,Otes,Fishenden,Officer
1629,25-7913452,Chief Inspector,Goddard,Morales,Officer
1630,89-3641550,Sergeant,Shalna,Pepys,Officer
1631,60-3185622,Inspector,Vance,Sail,Officer
1632,24-6313546,Inspector,Wini,Fosse,Officer
1633,55-7299904,Sergeant,Walton,Mahony,Officer
1634,53-5959890,Police Constable,Joelly,Straw,Officer
1635,09-6372862,Police Constable,Carlota,Ace,Officer
1636,47-9134026,Sergeant,Raviv,Blamphin,Officer
1637,98-6888231,Police Constable,Max,Reddick,Officer
1638,46-9905107,Police Constable,Krista,Roja,Officer
1639,25-3262936,Police Constable,Ryan,Stamp,Officer
1640,36-9502594,Police Constable,Annetta,McCurt,Officer
1641,00-4082681,Sergeant,Albie,Atkinson,Officer
1642,02-1086458,Police Constable,Claudia,Seak,Officer
1643,78-3113313,Police Constable,Corena,Dunkinson,Officer
1644,01-3764299,Police Constable,Angie,Lumsdaine,Officer
1645,82-7285090,Sergeant,Darrin,Cicerone,Officer
1646,41-4950884,Police Constable,Lon,Dimberline,Officer
1647,99-9129562,Inspector,Bernarr,Bordis,Officer
1648,99-1487622,Inspector,Giacopo,Edridge,Officer
1649,90-5297555,Police Constable,Jennette,Tollerfield,Officer
1650,38-0579103,Sergeant,Jerad,Shelly,Officer
1651,63-2396801,Sergeant,Arline,Kristufek,Officer
1652,81-7370588,Inspector,Cinda,Dmitrovic,Officer
1653,29-7538081,Police Constable,Bryna,Sheryn,Officer
1654,10-0482032,Chief Inspector,Thorstein,Tarry,Officer
1655,99-0115424,Chief Inspector,Kara-lynn,Ironside,Officer
1656,77-6206661,Sergeant,Eward,Screeton,Officer
1657,41-3350123,Inspector,Maura,Dering,Officer
1658,48-6057463,Police Constable,Krispin,McCaughen,Officer
1659,44-8581359,Sergeant,Neill,Van Saltsberg,Officer
1660,04-0142249,Inspector,Alyda,Petford,Officer
1661,74-5307449,Inspector,Raymond,Ludwig,Officer
1662,94-1813986,Police Constable,Kylila,Petrishchev,Officer
1663,54-2668047,Police Constable,Granthem,Renton,Officer
1664,03-2149839,Police Constable,Athene,Assard,Officer
1665,77-7064940,Sergeant,Dwayne,Willimot,Officer
1666,00-2681710,Inspector,Hubert,Boolsen,Officer
1667,85-2210921,Chief Inspector,Clareta,Bratty,Officer
1668,66-1514261,Inspector,Fenelia,Hamlet,Officer
1669,89-3122473,Sergeant,Yul,Buddle,Officer
1670,18-4589530,Police Constable,Pauly,Diack,Officer
1671,79-2659178,Police Constable,Alfy,Carbonell,Officer
1672,33-1207290,Police Constable,Tammara,Kytter,Officer
1673,11-3583357,Sergeant,Sula,Ornells,Officer
1674,51-9357529,Police Constable,Elfie,Johantges,Officer
1675,19-3068153,Inspector,Jacqui,Carde,Officer
1676,98-2210754,Inspector,Mar,Surcomb,Officer
1677,42-4816544,Chief Inspector,Janene,Boag,Officer
1678,27-2227814,Inspector,Worthy,Nettles,Officer
1679,15-6506731,Police Constable,Kelby,Priden,Officer
1680,30-4341072,Sergeant,Shirlene,Dumingo,Officer
1681,40-8780661,Sergeant,Leontyne,MacWhan,Officer
1682,64-5581576,Inspector,Ingmar,Tilliards,Officer
1683,63-8119979,Sergeant,Evvie,Lochran,Officer
1684,83-6095029,Inspector,Marlene,Chritchley,Officer
1685,38-7917634,Police Constable,Casey,Burehill,Officer
1686,11-2147472,Chief Inspector,Norri,Dmitrovic,Officer
1687,69-0288379,Inspector,Constantia,Brister,Officer
1688,79-7726910,Police Constable,Caldwell,Tomaello,Officer
1689,44-2381708,Police Constable,Gay,Gurton,Officer
1690,07-9864037,Inspector,Cory,Vasiljevic,Officer
1691,10-9111282,Police Constable,Jenny,Bullen,Officer
1692,10-9886920,Police Constable,Sterne,Grimstead,Officer
1693,84-4225119,Sergeant,Hedwiga,Medwell,Officer
1694,30-4945156,Sergeant,Lionel,Jupp,Officer
1695,58-7253421,Police Constable,Emlynne,Alelsandrovich,Officer
1696,13-8765010,Police Constable,Hillard,Boam,Officer
1697,40-9284763,Sergeant,Wallace,Yapp,Officer
1698,59-1490744,Police Constable,Bartholomeo,Cantrill,Officer
1699,87-8805032,Inspector,Andriana,Ponton,Officer
1700,68-3222037,Sergeant,Virgina,Normanville,Officer
1701,50-9410407,Inspector,Luca,Cardenoza,Officer
1702,07-6895402,Police Constable,Gibbie,Heditch,Officer
1703,73-0693353,Police Constable,Pet,Piche,Officer
1704,54-0261317,Police Constable,Elvina,Arzu,Officer
1705,70-7702993,Sergeant,Damara,Curson,Officer
1706,90-8433531,Police Constable,Stewart,Rintoul,Officer
1707,81-7853392,Police Constable,Ozzy,Hallex,Officer
1708,98-8926557,Police Constable,Roland,Bavester,Officer
1709,83-1514144,Sergeant,Michail,Sharple,Officer
1710,98-5569608,Sergeant,Sascha,Rudwell,Officer
1711,25-9495602,Sergeant,Lib,Lyddon,Officer
1712,16-6635508,Police Constable,Mona,Goulding,Officer
1713,48-8661338,Police Constable,Lilas,Rucklesse,Officer
1714,22-1836362,Chief Inspector,Zelda,Pattinson,Officer
1715,95-9043142,Inspector,Wallas,Kenningham,Officer
1716,44-6593533,Inspector,Rogerio,Jewers,Officer
1717,22-6570494,Sergeant,Lemuel,Hartop,Officer
1718,31-1196663,Sergeant,Jody,Headech,Officer
1719,57-8598793,Inspector,Ibby,Ingry,Officer
1720,80-1955470,Police Constable,Leeann,Sigmund,Officer
1721,78-3150300,Inspector,Michail,Dekeyser,Officer
1722,60-2481361,Inspector,Gardener,Lyosik,Officer
1723,17-4417214,Sergeant,Lenette,Buddock,Officer
1724,14-2157847,Police Constable,Katherina,O'Keevan,Officer
1725,20-9326770,Police Constable,Ray,Farrin,Officer
1726,81-5561241,Police Constable,Bari,Hupe,Officer
1727,62-8121176,Inspector,Selig,Methven,Officer
1728,24-8452387,Sergeant,Gisele,Kapelhoff,Officer
1729,53-6998328,Police Constable,Camile,Klicher,Officer
1730,69-2518105,Inspector,Abel,Hierro,Officer
1731,23-7304886,Sergeant,Conant,Mougeot,Officer
1732,66-7333189,Police Constable,Una,Revett,Officer
1733,97-7478692,Sergeant,Ddene,Rothschild,Officer
1734,81-8111146,Sergeant,Willi,Barrington,Officer
1735,30-5857036,Police Constable,Jorge,Colyer,Officer
1736,75-4910750,Sergeant,Carolina,Deegin,Officer
1737,22-3582208,Police Constable,Marty,Maffey,Officer
1738,86-8042625,Police Constable,Melamie,Landeg,Officer
1739,66-6558629,Police Constable,Cinda,Gerner,Officer
1740,66-8790808,Sergeant,Serene,Scritch,Officer
1741,10-4767282,Sergeant,Aindrea,Tollerton,Officer
1742,77-4967252,Sergeant,Leigh,Shoorbrooke,Officer
1743,32-8232138,Police Constable,Farrand,Johnsey,Officer
1744,84-6132513,Police Constable,Angelia,Tambling,Officer
1745,81-7843461,Chief Inspector,Eddy,Goalby,Officer
1746,01-0077572,Sergeant,Joane,Aylmer,Officer
1747,02-6848539,Police Constable,Marlin,Tineman,Officer
1748,32-4344903,Police Constable,Brody,Byer,Officer
1749,02-8899551,Police Constable,Hieronymus,Alldread,Officer
1750,92-0060159,Sergeant,Misha,Clench,Officer
1751,11-0256764,Police Constable,Rhody,Jesteco,Officer
1752,16-6169239,Police Constable,Shamus,Huggan,Officer
1753,18-0031113,Police Constable,Johnnie,Bickersteth,Officer
1754,51-6486046,Inspector,Cissiee,Bains,Officer
1755,83-0982954,Police Constable,Netti,Strode,Officer
1756,85-2823646,Sergeant,Nikos,Huddlestone,Officer
1757,55-7625839,Police Constable,Ame,Kesper,Officer
1758,32-9293343,Sergeant,Louisette,Headland,Officer
1759,90-0802585,Chief Inspector,Kermit,Whitfeld,Officer
1760,36-2031913,Inspector,Artus,Guyonneau,Officer
1761,66-6546955,Police Constable,Shaine,Janata,Officer
1762,64-5288331,Inspector,Margaretta,Stonhewer,Officer
1763,21-4437757,Police Constable,Dasi,Fabbri,Officer
1764,70-3852217,Sergeant,Linn,Tookill,Officer
1765,26-2671956,Police Constable,Julianne,Alyonov,Officer
1766,25-4967138,Police Constable,Aldric,Adney,Officer
1767,52-5936409,Inspector,Lothario,Plait,Officer
1768,86-7178554,Sergeant,Ber,Rother,Officer
1769,71-6605393,Chief Inspector,Vitoria,Wakley,Officer
1770,60-7123684,Inspector,Blakeley,Androletti,Officer
1771,89-7357114,Sergeant,Kelcie,Shilstone,Officer
1772,40-9127293,Police Constable,Ryann,Matveyev,Officer
1773,87-7833109,Sergeant,Lonnard,Garn,Officer
1774,85-5026060,Inspector,Dinny,Fernao,Officer
1775,51-3081924,Chief Inspector,Winni,Danter,Officer
1776,15-4068029,Sergeant,Annabal,O'Regan,Officer
1777,58-9758255,Sergeant,Kania,Notti,Officer
1778,61-7637641,Sergeant,Cos,Lube,Officer
1779,94-5362654,Inspector,Philomena,Giacaponi,Officer
1780,41-8352082,Sergeant,Yelena,McCrillis,Officer
1781,15-2869992,Police Constable,Catrina,Adney,Officer
1782,64-9830396,Inspector,Sollie,Tedder,Officer
1783,64-0241594,Chief Inspector,Dory,Haslewood,Officer
1784,74-0321817,Inspector,Penelope,Reneke,Officer
1785,41-6587536,Chief Inspector,Dickie,O'Sheerin,Officer
1786,81-8808915,Police Constable,Loreen,Caves,Officer
1787,76-4089299,Police Constable,Alyss,Sazio,Officer
1788,37-1054209,Chief Inspector,Iain,Tommen,Officer
1789,72-4897378,Police Constable,Darrelle,Enterlein,Officer
1790,97-6686521,Chief Inspector,Whitney,Jeandot,Officer
1791,10-6685162,Sergeant,Luigi,Shemwell,Officer
1792,62-0407966,Police Constable,Anni,Gooly,Officer
1793,87-1769916,Sergeant,Marketa,Visco,Officer
1794,68-0617159,Inspector,Washington,Poser,Officer
1795,18-5181625,Chief Inspector,Mariquilla,Jobbing,Officer
1796,63-6599686,Inspector,Sande,Willas,Officer
1797,56-5280615,Sergeant,Erin,Hainning,Officer
1798,70-3761188,Sergeant,Wilmette,Idwal Evans,Officer
1799,25-4138152,Inspector,Yancey,Bucklan,Officer
1800,17-3276462,Sergeant,Nicolas,Agron,Officer
1801,13-8975300,Police Constable,Clayson,Fust,Officer
1802,99-5667094,Police Constable,Jefferson,Curtoys,Officer
1803,71-1446683,Police Constable,Hildagard,Lubbock,Officer
1804,08-7347603,Sergeant,Emera,Royste,Officer
1805,90-4961391,Sergeant,Rheba,Folbige,Officer
1806,76-4225460,Sergeant,Adiana,Leitche,Officer
1807,98-9134626,Sergeant,Kincaid,Lippo,Officer
1808,48-8898375,Police Constable,Meg,Fawssett,Officer
1809,12-4799060,Sergeant,Rog,Scrace,Officer
1810,73-5719424,Police Constable,Hansiain,Clamo,Officer
1811,59-4676508,Police Constable,Evelin,Tincey,Officer
1812,40-3801106,Police Constable,Berke,Haslum,Officer
1813,39-2236734,Sergeant,Beitris,Greatham,Officer
1814,13-3032619,Police Constable,Anneliese,Punter,Officer
1815,21-3341439,Sergeant,Abagael,McArthur,Officer
1816,26-3568160,Inspector,Dion,Bamfield,Officer
1817,58-6554408,Police Constable,Harv,Gaddes,Officer
1818,90-3568531,Inspector,Antony,Lie,Officer
1819,03-0504402,Inspector,Hugibert,Mc Gee,Officer
1820,34-9466183,Sergeant,Corrine,Louis,Officer
1821,98-2416283,Inspector,Natalya,Bridgeman,Officer
1822,61-7425107,Inspector,Hermia,Kidd,Officer
1823,39-8162057,Sergeant,Tristan,Bynold,Officer
1824,71-1462804,Sergeant,Munroe,Presslie,Officer
1825,77-9400871,Sergeant,Bail,Stainbridge,Officer
1826,05-4352888,Sergeant,Hatti,Gerding,Officer
1827,55-5458887,Police Constable,Jim,Payley,Officer
1828,52-2116379,Sergeant,Peggi,Scales,Officer
1829,63-6445246,Inspector,Cacilia,Brenston,Officer
1830,53-0757347,Chief Inspector,Gwyn,McGaughie,Officer
1831,59-1669832,Police Constable,Lilli,Hynde,Officer
1832,73-1992631,Police Constable,Jena,Barbera,Officer
1833,76-8669645,Sergeant,Allyn,Easeman,Officer
1834,17-9449600,Police Constable,Sapphire,Gunthorp,Officer
1835,89-0957009,Sergeant,Noach,Argabrite,Officer
1836,96-4793625,Police Constable,Doroteya,Redding,Officer
1837,59-7625600,Inspector,Charlot,MacConnel,Officer
1838,34-1935189,Chief Inspector,Esma,Gorrie,Officer
1839,94-1429066,Sergeant,Ned,MacKellar,Officer
1840,65-4716480,Inspector,Margaret,Terrett,Officer
1841,38-3829631,Police Constable,Hersh,Roglieri,Officer
1842,14-0936066,Sergeant,Rockey,Haith,Officer
1843,87-1499608,Sergeant,Stormi,McSporon,Officer
1844,71-1517760,Inspector,Kristofor,Orcott,Officer
1845,21-2247111,Police Constable,Kari,Laming,Officer
1846,74-1073413,Sergeant,Karel,Tschirschky,Officer
1847,11-0787864,Police Constable,Hughie,McAree,Officer
1848,20-2468377,Police Constable,Brice,Blackster,Officer
1849,76-9121785,Police Constable,Jermayne,Cowely,Officer
1850,42-6193817,Police Constable,Dosi,Trunkfield,Officer
1851,83-9270279,Police Constable,Erna,Barukh,Officer
1852,09-8264470,Chief Inspector,Marketa,Prose,Officer
1853,03-8218463,Police Constable,Barbi,Haverson,Officer
1854,49-4780506,Police Constable,Quintana,Braizier,Officer
1855,37-2900664,Sergeant,Chadwick,Hasling,Officer
1856,35-5768611,Police Constable,Blanch,Rossey,Officer
1857,28-2791326,Police Constable,Rowney,Hubback,Officer
1858,80-7210761,Chief Inspector,Laurena,Tearny,Officer
1859,73-5479578,Police Constable,Debera,Sorey,Officer
1860,56-7230360,Inspector,Jenilee,Noni,Officer
1861,89-7568269,Police Constable,Ailbert,Meffen,Officer
1862,89-0023677,Sergeant,Cynthea,Philpots,Officer
1863,51-1621359,Sergeant,Arlena,Linnemann,Officer
1864,77-6251430,Inspector,Caritta,Brennand,Officer
1865,88-5588504,Sergeant,Humbert,Dorran,Officer
1866,35-9972316,Police Constable,Viv,Zamorrano,Officer
1867,12-9139411,Sergeant,Ives,Verrill,Officer
1868,88-7848541,Police Constable,Wayland,Gartery,Officer
1869,42-3138785,Inspector,Hephzibah,Floyd,Officer
1870,72-0672270,Sergeant,Rip,Caulder,Officer
1871,98-5809052,Inspector,Alameda,Pretious,Officer
1872,19-2181421,Police Constable,Dilly,Kerwen,Officer
1873,35-8793250,Chief Inspector,Etheline,Cucinotta,Officer
1874,52-2346395,Inspector,Olympia,Gocher,Officer
1875,33-1335572,Inspector,Griffin,Swatton,Officer
1876,40-4993963,Police Constable,Roxy,Tutchell,Officer
1877,93-1860896,Sergeant,Mareah,Middlehurst,Officer
1878,21-9917627,Sergeant,Clotilda,McIntee,Officer
1879,47-0105916,Police Constable,Trescha,Falcus,Officer
1880,49-0889476,Police Constable,Anestassia,Joskowicz,Officer
1881,60-3174112,Sergeant,Cally,Perrelli,Officer
1882,98-8377042,Police Constable,Horatio,O'Rourke,Officer
1883,09-1366945,Sergeant,Marlo,Arpur,Officer
1884,00-3080697,Chief Inspector,Bryce,Leffek,Officer
1885,04-7641835,Inspector,Bent,Gudger,Officer
1886,35-2607940,Police Constable,Beniamino,Howsin,Officer
1887,32-5555514,Inspector,Leisha,Olenov,Officer
1888,84-2103463,Sergeant,Derrik,Bourges,Officer
1889,72-5883495,Police Constable,Allianora,Girardini,Officer
1890,12-1571637,Police Constable,Micheline,Rahl,Officer
1891,03-0040651,Police Constable,Helaina,Dayes,Officer
1892,19-1054610,Inspector,Nancy,Maylor,Officer
1893,63-6205970,Inspector,Sally,Bleby,Officer
1894,35-6022353,Police Constable,Josh,Palle,Officer
1895,22-8722726,Police Constable,Floris,Boshier,Officer
1896,89-9948356,Police Constable,Miltie,Skeldinge,Officer
1897,61-7238816,Inspector,Zeb,Blazewski,Officer
1898,09-8574222,Chief Inspector,Erinna,Ference,Officer
1899,01-2254285,Chief Inspector,Ame,Heady,Officer
1900,27-7723213,Sergeant,Flem,Raffels,Officer
1901,03-5878006,Inspector,Steve,Tams,Officer
1902,05-3036001,Police Constable,Wolfie,Horwell,Officer
1903,62-1352576,Inspector,Chalmers,Vosper,Officer
1904,40-8494442,Sergeant,Lorilyn,Crux,Officer
1905,29-2544714,Sergeant,Skell,Tigwell,Officer
1906,98-2119951,Inspector,Joleen,Huggins,Officer
1907,35-7304397,Sergeant,Newton,Hirtzmann,Officer
1908,83-6501929,Police Constable,Derrek,Upstell,Officer
1909,81-8626798,Sergeant,Hana,Lepope,Officer
1910,62-5134356,Sergeant,Leonidas,Mully,Officer
1911,77-6058998,Sergeant,Harrison,MacDunlevy,Officer
1912,70-3095679,Police Constable,Elena,Parnell,Officer
1913,97-9291291,Police Constable,Joli,Cosslett,Officer
1914,93-3593789,Sergeant,Adair,Glasby,Officer
1915,16-3551917,Chief Inspector,Giacomo,Bamborough,Officer
1916,86-5858097,Sergeant,Spenser,Glyssanne,Officer
1917,38-4458078,Inspector,Robena,Ovendale,Officer
1918,41-8606806,Sergeant,Sydney,O'Dowgaine,Officer
1919,88-1316603,Police Constable,Carri,Pelham,Officer
1920,10-7152762,Sergeant,Arabella,Pyburn,Officer
1921,30-0518528,Chief Inspector,Jolene,Correa,Officer
1922,05-2650721,Police Constable,Kevon,Whiteoak,Officer
1923,25-7410075,Police Constable,Jillayne,Dytham,Officer
1924,91-3708530,Sergeant,Andris,Gavrielli,Officer
1925,12-1411738,Police Constable,Danila,Cradey,Officer
1926,87-6283232,Police Constable,Rorie,Lenaghen,Officer
1927,02-8164107,Police Constable,Joleen,Hamill,Officer
1928,66-5854849,Sergeant,Hinze,Probet,Officer
1929,21-4653457,Sergeant,Clari,Farmer,Officer
1930,38-6452857,Inspector,Bili,Matula,Officer
1931,50-9616256,Sergeant,Selby,Confait,Officer
1932,25-3354182,Police Constable,Chrotoem,Rowena,Officer
1933,89-1595944,Chief Inspector,Leticia,Narducci,Officer
1934,65-9763459,Sergeant,Clemence,Bosnell,Officer
1935,52-7160405,Sergeant,Winnie,Goring,Officer
1936,46-3758506,Police Constable,Toiboid,Enticknap,Officer
1937,94-9830878,Inspector,Lexie,Cheston,Officer
1938,26-0913009,Inspector,Valerye,Silvester,Officer
1939,08-7459533,Police Constable,Olympie,Timeby,Officer
1940,25-3478272,Police Constable,Augy,Yousef,Officer
1941,14-9630686,Police Constable,Dede,Deverell,Officer
1942,34-4007785,Police Constable,Mitchael,Dalloway,Officer
1943,79-9843712,Sergeant,Olenolin,Klehyn,Officer
1944,46-9743809,Inspector,Stuart,Gatlin,Officer
1945,47-5316983,Inspector,Grata,Dalby,Officer
1946,09-5114932,Police Constable,Odo,Pietersma,Officer
1947,32-5448593,Chief Inspector,Jackie,Whitnall,Officer
1948,73-1711217,Inspector,Kore,Gleave,Officer
1949,30-0611369,Chief Inspector,Helenka,Stutard,Officer
1950,29-1687505,Chief Inspector,Kerwin,Gilluley,Officer
1951,39-4669831,Police Constable,Byron,St. Paul,Officer
1952,95-9485048,Police Constable,Bar,Pimerick,Officer
1953,86-1991817,Sergeant,Jephthah,Baughan,Officer
1954,96-8195539,Sergeant,Jayme,Picken,Officer
1955,62-7718212,Sergeant,Porty,McDonough,Officer
1956,59-1204499,Sergeant,Aldis,Sallings,Officer
1957,44-8377067,Police Constable,Korella,Fardo,Officer
1958,69-5069457,Police Constable,Salim,Este,Officer
1959,27-9965093,Sergeant,Raven,Paine,Officer
1960,52-1067047,Sergeant,Jobie,Clemendot,Officer
1961,81-6595316,Inspector,Angeline,Iskower,Officer
1962,46-7646768,Sergeant,Elihu,Brownsall,Officer
1963,73-1051219,Police Constable,Even,Megany,Officer
1964,00-6011813,Sergeant,Ashia,Bagby,Officer
1965,21-8583779,Police Constable,Joleen,Remer,Officer
1966,72-2020443,Police Constable,Janine,Pharaoh,Officer
1967,15-6275743,Sergeant,Lambert,Simnell,Officer
1968,57-3338410,Sergeant,Odelia,Rye,Officer
1969,97-4085648,Sergeant,Lannie,Shank,Officer
1970,23-4315807,Sergeant,Christel,Carrack,Officer
1971,36-5559038,Sergeant,Sarge,Angus,Officer
1972,97-0693248,Police Constable,Josh,Fraanchyonok,Officer
1973,96-6837049,Sergeant,Justus,Koche,Officer
1974,17-2558429,Sergeant,Norbie,Dyment,Officer
1975,79-5958040,Sergeant,Gianina,Yanov,Officer
1976,64-7987828,Chief Inspector,Gilles,Wilson,Officer
1977,85-6196796,Inspector,Kareem,Domerc,Officer
1978,21-3842481,Police Constable,Saloma,Berrie,Officer
1979,08-6797866,Chief Inspector,Anthia,Lottrington,Officer
1980,68-5266435,Sergeant,Kris,Teaze,Officer
1981,57-1323182,Police Constable,Cathi,Josselsohn,Officer
1982,93-8834897,Police Constable,Tilly,Burkert,Officer
1983,43-8805281,Police Constable,Darb,Livesey,Officer
1984,24-4821051,Sergeant,Ailis,Crush,Officer
1985,87-5095050,Sergeant,Cassie,Grishakin,Officer
1986,74-9647050,Inspector,Sollie,Harlett,Officer
1987,27-0430578,Police Constable,Konstantine,Hellsdon,Officer
1988,51-2905802,Sergeant,Haskel,Karoly,Officer
1989,98-2310990,Sergeant,Michal,Diver,Officer
1990,52-6675456,Police Constable,Danella,Liston,Officer
1991,12-7696370,Sergeant,Annemarie,Spaunton,Officer
1992,83-1669883,Police Constable,Roxane,Bearcock,Officer
1993,53-7208681,Police Constable,Kalvin,Skipton,Officer
1994,81-8436196,Police Constable,Alaster,Ybarra,Officer
1995,33-6478881,Police Constable,Priscella,Yesinov,Officer
1996,99-5511196,Sergeant,Alyson,Mee,Officer
1997,70-4022914,Sergeant,Vin,Weyland,Officer
1998,92-4205871,Sergeant,Fiorenze,Winterton,Officer
1999,76-8953443,Police Constable,Aubine,Stanman,Officer
2000,93-2302379,Police Constable,Aluin,Bedell,Officer
2001,37-2636038,Inspector,Kellsie,Pollins,Officer
2002,30-3010253,Police Constable,Brynna,Freear,Officer
2003,85-2725442,Sergeant,Horacio,Happert,Officer
2004,71-8006912,Police Constable,Dal,Slavin,Officer
2005,23-0954521,Sergeant,Dora,Huffa,Officer
2006,86-9624649,Police Constable,Jessie,Domeny,Officer
2007,85-6711652,Sergeant,Hatti,Spinello,Officer
2008,51-4345110,Sergeant,Natalya,Strangeway,Officer
2009,34-4483889,Sergeant,Marris,Newton,Officer
2010,15-1740280,Chief Inspector,Louella,Corrison,Officer
2011,27-0805597,Inspector,Cathlene,Bramsen,Officer
2012,54-2109829,Inspector,Lilli,Heersma,Officer
2013,00-4292826,Police Constable,Melodie,Normavill,Officer
2014,88-0169712,Sergeant,Winifield,Stoeck,Officer
2015,41-5548000,Inspector,Winonah,Skynner,Officer
2016,84-1155340,Sergeant,Ernest,Blaise,Officer
2017,39-1056971,Police Constable,Amerigo,Hancell,Officer
2018,41-0319768,Police Constable,Julie,Skyner,Officer
2019,72-8385498,Inspector,Milo,Parminter,Officer
2020,29-4033124,Inspector,Madelaine,Trendle,Officer
2021,76-2623093,Sergeant,Ignacio,Bentzen,Officer
2022,56-0595137,Police Constable,Aland,Embra,Officer
2023,75-9345848,Sergeant,Wallis,Bartleet,Officer
2024,63-9704059,Chief Inspector,Corbin,Laviste,Officer
2025,33-5887107,Sergeant,Lou,Cage,Officer
2026,82-0747073,Police Constable,Briney,Fisk,Officer
2027,14-7787486,Sergeant,Leonore,Fransoni,Officer
2028,05-8628012,Sergeant,Ottilie,Riddell,Officer
2029,37-6872119,Inspector,Lyndsay,Younie,Officer
2030,73-6816694,Sergeant,Torey,Thring,Officer
2031,03-3847802,Police Constable,Meryl,Demeza,Officer
2032,24-3862177,Police Constable,Floyd,Knaggs,Officer
2033,32-8274663,Inspector,Evy,Bultitude,Officer
2034,73-4657037,Police Constable,Harold,Yurivtsev,Officer
2035,53-6796050,Police Constable,Gelya,Le Sieur,Officer
2036,81-9411375,Police Constable,Remus,Portt,Officer
2037,97-9745240,Sergeant,Madison,Etheridge,Officer
2038,65-4061803,Inspector,Del,Richard,Officer
2039,35-7072861,Sergeant,Bethena,Wahner,Officer
2040,09-5760620,Sergeant,Aurelia,Almeida,Officer
2041,19-4516465,Sergeant,Harlin,Lyddiatt,Officer
2042,36-2080907,Chief Inspector,Guss,Malthouse,Officer
2043,02-5981991,Chief Inspector,Fritz,Kemm,Officer
2044,20-3825588,Police Constable,Ray,Overstall,Officer
2045,34-8361130,Inspector,Pall,Rockall,Officer
2046,10-5782632,Police Constable,Noam,Bittlestone,Officer
2047,26-4146466,Sergeant,Doloritas,Curnow,Officer
2048,31-8098769,Police Constable,Griffy,Laffoley-Lane,Officer
2049,44-6962033,Sergeant,Benjy,Towhey,Officer
2050,18-0547993,Police Constable,De,Goodban,Officer
2051,71-5418345,Chief Inspector,Selle,Huntress,Officer
2052,17-8385053,Police Constable,Allistir,Arnal,Officer
2053,22-0740482,Sergeant,Dean,Bulfoot,Officer
2054,86-7588000,Inspector,Ricca,Miskimmon,Officer
2055,80-0129465,Police Constable,Meara,Speerman,Officer
2056,86-8623678,Sergeant,Seumas,Couroy,Officer
2057,80-3687159,Sergeant,Adriena,Poplee,Officer
2058,21-9479736,Inspector,Arden,O'Codihie,Officer
2059,85-3427211,Inspector,Jaquith,Mardoll,Officer
2060,48-2244932,Chief Inspector,Clark,Ranyelld,Officer
2061,67-6392816,Inspector,Verney,Dearnaley,Officer
2062,00-5515886,Chief Inspector,Cale,Duchateau,Officer
2063,21-7979227,Sergeant,Dedie,Naughton,Officer
2064,17-9329566,Police Constable,Martica,McCrie,Officer
2065,23-2371668,Sergeant,Karee,Sellens,Officer
2066,67-8952281,Sergeant,Iona,Wheater,Officer
2067,78-2969278,Sergeant,Sigismund,Pococke,Officer
2068,75-9667079,Inspector,Enos,Emerson,Officer
2069,12-0902742,Police Constable,Kimmie,Andersen,Officer
2070,09-1795785,Inspector,Bell,Kleanthous,Officer
2071,55-3503919,Inspector,Kylie,Learman,Officer
2072,75-9485265,Chief Inspector,Evey,Rahlof,Officer
2073,77-4747708,Police Constable,Casey,Balkwill,Officer
2074,61-4426107,Sergeant,Codi,Thombleson,Officer
2075,81-3335378,Inspector,Tally,Davitt,Officer
2076,63-9915951,Chief Inspector,Stanfield,Jerram,Officer
2077,37-6132114,Police Constable,Lynnea,Henryson,Officer
2078,87-7465473,Sergeant,Rand,Bunworth,Officer
2079,83-2444849,Inspector,Milka,Pagett,Officer
2080,28-4327141,Police Constable,Shelly,McGettrick,Officer
2081,04-3515233,Inspector,Sylvester,Thorndycraft,Officer
2082,56-4099103,Sergeant,Rawley,Davidovitz,Officer
2083,16-2620347,Police Constable,Laurice,Stoakes,Officer
2084,92-5947014,Sergeant,Jeffrey,Vesty,Officer
2085,93-1918353,Inspector,Roshelle,Petruk,Officer
2086,87-6654008,Police Constable,Alvina,Patrick,Officer
2087,83-7695141,Police Constable,Luella,Mortel,Officer
2088,33-1927067,Chief Inspector,Rancell,Maingot,Officer
2089,30-0099844,Police Constable,Olwen,McGillicuddy,Officer
2090,37-0314903,Inspector,Nicholle,Westpfel,Officer
2091,27-1465369,Sergeant,Wynnie,Baskwell,Officer
2092,98-6018945,Police Constable,Preston,Tarquini,Officer
2093,77-1535563,Sergeant,Giacomo,Picardo,Officer
2094,14-4342954,Police Constable,Shay,Arkle,Officer
2095,22-4227514,Police Constable,Cecelia,Younglove,Officer
2096,19-7168089,Inspector,Ashly,Haslock,Officer
2097,49-5977778,Police Constable,Carolin,Whithalgh,Officer
2098,30-5205006,Chief Inspector,Rosemarie,Ridgewell,Officer
2099,18-3842327,Sergeant,Beckie,Tregonna,Officer
2100,09-6971653,Police Constable,Lane,Paxforde,Officer
2101,80-4869191,Police Constable,Husein,Gayden,Officer
2102,79-2960747,Sergeant,Briano,Avrahamov,Officer
2103,51-3104673,Police Constable,Garold,Casement,Officer
2104,50-5889324,Police Constable,Montgomery,Rootham,Officer
2105,93-1591747,Sergeant,Cayla,Kolodziej,Officer
2106,80-7548260,Sergeant,Dulsea,Danforth,Officer
2107,43-6797299,Police Constable,Idette,Godilington,Officer
2108,67-2924429,Sergeant,Georg,Laughnan,Officer
2109,19-2526689,Inspector,Merrile,Edworthye,Officer
2110,38-1921612,Inspector,Eal,Coulton,Officer
2111,97-4863835,Police Constable,Honoria,Topper,Officer
2112,32-2566610,Sergeant,Maxie,Dunsford,Officer
2113,43-7878640,Police Constable,Philbert,Ricker,Officer
2114,73-5847298,Chief Inspector,Robina,Yarnold,Officer
2115,74-7911664,Sergeant,Mario,Bettington,Officer
2116,56-7427773,Police Constable,Antonius,Boseley,Officer
2117,99-5814573,Sergeant,Erina,Boulsher,Officer
2118,25-3605123,Sergeant,Berton,Penvarne,Officer
2119,42-2515287,Inspector,Thomasina,Macbane,Officer
2120,13-6498996,Police Constable,Leta,Lammers,Officer
2121,48-9857559,Police Constable,Rochelle,Berardt,Officer
2122,87-0583319,Police Constable,Sigmund,Langtry,Officer
2123,18-8791267,Police Constable,Gaile,Tritton,Officer
2124,48-6703604,Inspector,Carolyne,Tison,Officer
2125,04-9743618,Sergeant,Sybil,Fatharly,Officer
2126,30-0538705,Inspector,Megan,Porteous,Officer
2127,74-9455893,Police Constable,Arlee,Boylund,Officer
2128,34-6828925,Inspector,Dex,Rase,Officer
2129,63-1057956,Police Constable,Maiga,Wrates,Officer
2130,03-6608670,Police Constable,Laurie,O'Dee,Officer
2131,55-9254735,Sergeant,Rici,Ellacott,Officer
2132,14-7289348,Sergeant,Philomena,Beamand,Officer
2133,25-2961759,Police Constable,Marillin,Manwell,Officer
2134,75-4227889,Police Constable,Catlee,Skryne,Officer
2135,08-8409063,Police Constable,Devora,Shimmings,Officer
2136,34-6222792,Inspector,Hollyanne,Orcott,Officer
2137,66-0515047,Chief Inspector,Findley,Scroyton,Officer
2138,55-8356278,Sergeant,Trevar,Cluely,Officer
2139,87-5149886,Police Constable,Elia,Paradine,Officer
2140,47-8722855,Police Constable,Neila,Salmond,Officer
2141,58-6427701,Inspector,Wynn,Schwant,Officer
2142,43-7942721,Police Constable,Michaeline,Petric,Officer
2143,36-7557324,Sergeant,Lief,Flintiff,Officer
2144,55-5774796,Police Constable,Shaylah,Veelers,Officer
2145,29-0677906,Sergeant,Ennis,Croson,Officer
2146,08-6750019,Police Constable,Maxy,Leachman,Officer
2147,67-2528338,Police Constable,Barby,Lunk,Officer
2148,98-0973333,Sergeant,Umberto,Wewell,Officer
2149,83-1666510,Sergeant,Marcel,Handke,Officer
2150,19-6094476,Police Constable,Deena,Van Eeden,Officer
2151,73-1568949,Police Constable,Athene,Ellingworth,Officer
2152,26-4135667,Sergeant,Homere,Antoniewski,Officer
2153,19-8319581,Chief Inspector,Dottie,Syddie,Officer
2154,03-1601856,Sergeant,Magdalene,Fonte,Officer
2155,89-2293651,Sergeant,Odie,Canepe,Officer
2156,83-2094137,Inspector,Deb,Iacopo,Officer
2157,99-9752092,Sergeant,Gabriellia,Seefeldt,Officer
2158,52-5041221,Sergeant,Gracie,Benedidick,Officer
2159,27-5393301,Chief Inspector,Lettie,Dugmore,Officer
2160,52-9604288,Inspector,Aubrie,Keld,Officer
2161,85-4231515,Inspector,Hillard,Ghirigori,Officer
2162,83-8437515,Police Constable,Beatriz,Sang,Officer
2163,97-6643584,Inspector,Catherine,Detoc,Officer
2164,25-6855051,Sergeant,Abraham,Henbury,Officer
2165,14-6200398,Police Constable,Pippo,Samson,Officer
2166,55-2274406,Sergeant,Yardley,Blaydes,Officer
2167,74-0196208,Sergeant,Rodrique,Elvins,Officer
2168,02-7931820,Sergeant,Ame,Harbert,Officer
2169,73-7935837,Sergeant,Hy,Bartoszek,Officer
2170,27-4803245,Inspector,Karlen,Reyner,Officer
2171,24-6363744,Police Constable,Hillard,Bye,Officer
2172,53-6190471,Sergeant,Tadeas,Laviste,Officer
2173,22-6217741,Chief Inspector,Vidovic,Havill,Officer
2174,40-4115960,Police Constable,Othilia,Spincks,Officer
2175,60-4947272,Inspector,Torey,Bearsmore,Officer
2176,37-2206375,Police Constable,Sonia,Strahan,Officer
2177,70-6130539,Sergeant,Rae,Esposita,Officer
2178,85-4930138,Police Constable,Shalna,Juszkiewicz,Officer
2179,12-6539232,Police Constable,Jasmine,Helmke,Officer
2180,34-0682936,Police Constable,Khalil,Bridel,Officer
2181,63-3360135,Inspector,Marleen,Arlt,Officer
2182,44-0158566,Inspector,Orv,Favela,Officer
2183,95-2830337,Sergeant,Noland,Pratt,Officer
2184,44-0584432,Police Constable,Gratia,Ruckert,Officer
2185,27-2804264,Sergeant,Moshe,Scanderet,Officer
2186,61-3859626,Sergeant,Gris,Stoltz,Officer
2187,07-5734212,Police Constable,Leland,Tzarkov,Officer
2188,03-5746338,Police Constable,Fredericka,Nevill,Officer
2189,93-1808464,Inspector,Jeannie,McCord,Officer
2190,41-4220272,Police Constable,Pam,Daynter,Officer
2191,71-5527111,Sergeant,Margy,Dubois,Officer
2192,99-6895518,Chief Inspector,Aland,Struijs,Officer
2193,61-3476349,Inspector,Crosby,Buckie,Officer
2194,84-4386508,Inspector,Tobye,Attrey,Officer
2195,05-6747901,Sergeant,Leland,Janicki,Officer
2196,69-6098294,Chief Inspector,Aube,Swadlen,Officer
2197,51-6189847,Sergeant,Babette,Cridge,Officer
2198,44-2359863,Chief Inspector,Shay,Rotchell,Officer
2199,24-5001305,Police Constable,Jeanie,Stagg,Officer
2200,58-1995502,Inspector,Shoshana,Prazer,Officer
2201,25-0560783,Police Constable,Freemon,Gwilliams,Officer
2202,57-9485435,Chief Inspector,Endeavour,Morse,Officer
2203,81-5267666,Police Constable,Kleon,Verrillo,Officer
2204,14-5836698,Sergeant,Artemis,McCudden,Officer
2205,61-0675822,Inspector,Valera,Bennedick,Officer
2206,12-4973237,Police Constable,Lothario,Kyttor,Officer
2207,65-7806458,Police Constable,Augy,Hearnah,Officer
2208,15-1524319,Police Constable,Mildrid,Ralston,Officer
2209,54-4231387,Inspector,Emyle,de Zamora,Officer
2210,62-6139777,Police Constable,Mable,Faireclough,Officer
2211,51-3552671,Police Constable,Kelvin,Camellini,Officer
2212,17-9714185,Chief Inspector,Calv,Lovekin,Officer
2213,90-4219954,Police Constable,Jayne,Medgewick,Officer
2214,91-4985640,Inspector,Fan,Courtes,Officer
2215,59-1616527,Police Constable,Gratiana,Commander,Officer
2216,60-0641873,Sergeant,Theodosia,Furlong,Officer
2217,46-9798180,Chief Inspector,Sayer,Capstick,Officer
2218,99-1315103,Inspector,Charis,Pendre,Officer
2219,44-1427284,Sergeant,Emyle,Rouch,Officer
2220,96-2704809,Inspector,Marj,Blaxall,Officer
2221,83-6617829,Inspector,Patric,Sesser,Officer
2222,79-3700453,Sergeant,Rea,Shurmore,Officer
2223,14-6160224,Sergeant,Tiffi,Ulyat,Officer
2224,70-6327946,Chief Inspector,Petra,Jorger,Officer
2225,47-6552381,Sergeant,Aggie,Cordoba,Officer
2226,56-5129188,Sergeant,Neile,Tchir,Officer
2227,37-3995424,Sergeant,Roxine,Franek,Officer
2228,99-4120100,Police Constable,Finn,Benasik,Officer
2229,71-2894993,Inspector,Olwen,Raddenbury,Officer
2230,45-8601727,Police Constable,Marika,De Castri,Officer
2231,37-1995884,Inspector,Elias,Kaminski,Officer
2232,31-9874655,Police Constable,Edie,Fullylove,Officer
2233,67-3661073,Sergeant,Haroun,Mandre,Officer
2234,77-3216856,Inspector,Alanah,Vanyushin,Officer
2235,41-5169354,Chief Inspector,Filbert,Taks,Officer
2236,11-9178891,Sergeant,Ben,Ollet,Officer
2237,12-5968923,Police Constable,Carissa,Wherrit,Officer
2238,11-0094681,Police Constable,Delaney,Nell,Officer
2239,81-6042774,Inspector,Kynthia,Ivanin,Officer
2240,29-3584147,Inspector,Fidelio,Kilmurray,Officer
2241,34-6951201,Chief Inspector,Lilli,Dockrell,Officer
2242,38-6261333,Police Constable,Chet,Vasic,Officer
2243,56-4418475,Sergeant,Ivory,Schultz,Officer
2244,28-4201799,Police Constable,Frasier,Noorwood,Officer
2245,72-2661228,Sergeant,Veronique,Boatman,Officer
2246,22-7288805,Inspector,Terri-jo,Cowp,Officer
2247,18-6178657,Sergeant,Carie,Meads,Officer
2248,55-7931762,Police Constable,Peter,Schechter,Officer
2249,18-9797494,Inspector,Lotta,Birkin,Officer
2250,72-9806884,Sergeant,Carroll,Male,Officer
2251,82-8736312,Sergeant,Masha,Matelaitis,Officer
2252,27-3605625,Inspector,Charis,Viccary,Officer
2253,62-9459647,Police Constable,Kara,Bevington,Officer
2254,20-9802049,Chief Inspector,Harrison,Reubens,Officer
2255,98-9592211,Sergeant,Dorey,Micklem,Officer
2256,68-6079154,Police Constable,Ellene,Le Brom,Officer
2257,11-8447619,Sergeant,Manuel,McVanamy,Officer
2258,19-0308362,Inspector,Kincaid,Hazell,Officer
2259,52-0641523,Police Constable,Angelita,Kiebes,Officer
2260,97-6673544,Sergeant,Norrie,Jerdon,Officer
2261,25-9899143,Inspector,Thomasa,Knightly,Officer
2262,61-4885711,Sergeant,Oby,Furmedge,Officer
2263,13-4277013,Police Constable,Rozina,Blunsum,Officer
2264,54-6051330,Sergeant,Fianna,Ondrousek,Officer
2265,49-3845301,Sergeant,Shellysheldon,Sargeant,Officer
2266,16-3392690,Inspector,Dyana,Martt,Officer
2267,20-5629096,Police Constable,Sara,De Filippi,Officer
2268,70-6921043,Police Constable,Sandie,Ratcliffe,Officer
2269,22-4275998,Inspector,Rowe,Drains,Officer
2270,78-3260836,Sergeant,Ancell,Baysting,Officer
2271,94-1139124,Inspector,Vida,Vell,Officer
2272,73-9322216,Police Constable,Hedy,Vinson,Officer
2273,16-9814413,Police Constable,Staffard,Giacobilio,Officer
2274,50-0904015,Sergeant,Michell,Elstone,Officer
2275,05-3392675,Police Constable,Jenda,Gilliland,Officer
2276,70-4341490,Chief Inspector,Jillane,Grigoriev,Officer
2277,68-1436067,Sergeant,Heidie,Serginson,Officer
2278,20-9127832,Sergeant,Addie,Kochs,Officer
2279,89-1000171,Police Constable,Granger,Redshaw,Officer
2280,85-1666107,Sergeant,Kristy,Varndell,Officer
2281,42-1932314,Sergeant,Leone,Mariet,Officer
2282,53-4741516,Sergeant,Corney,Baudi,Officer
2283,63-6232526,Inspector,Florinda,Woolveridge,Officer
2284,14-0184877,Police Constable,Chrystal,Costen,Officer
2285,25-2068492,Chief Inspector,Shell,Prosser,Officer
2286,23-0859802,Inspector,Melosa,Maylor,Officer
2287,63-5969263,Inspector,Lea,Quartly,Officer
2288,23-9941524,Sergeant,Patrizius,Ellington,Officer
2289,54-6477089,Sergeant,Alyssa,Pryke,Officer
2290,49-5786111,Inspector,Hamel,Franzonello,Officer
2291,79-0903351,Sergeant,Prinz,Week,Officer
2292,56-4142130,Police Constable,Lynne,Terzi,Officer
2293,50-0799292,Sergeant,Coop,Sciusscietto,Officer
2294,75-2373645,Police Constable,Catherin,Pringley,Officer
2295,92-1644715,Sergeant,Sherwynd,Boydell,Officer
2296,51-9636548,Inspector,Kip,Gurg,Officer
2297,29-9920988,Inspector,Normy,Coupar,Officer
2298,77-8534562,Inspector,Alysia,Stuckey,Officer
2299,17-1758517,Sergeant,Glenn,Wennam,Officer
2300,49-1131819,Police Constable,Kendra,Hars,Officer
2301,98-2679875,Police Constable,Alyda,Wix,Officer
2302,42-9312818,Inspector,Papagena,Chalk,Officer
2303,80-0278643,Sergeant,Kendre,Parken,Officer
2304,48-6813749,Police Constable,Rudyard,Arbuckle,Officer
2305,70-3310963,Police Constable,Austina,Gurry,Officer
2306,40-2894988,Sergeant,Annetta,Catchpole,Officer
2307,68-0392810,Sergeant,Ajay,Sleath,Officer
2308,70-8660703,Police Constable,Waylon,Dunnet,Officer
2309,95-1271311,Police Constable,Anderea,Poad,Officer
2310,80-6942706,Sergeant,Rosaline,Whatford,Officer
2311,10-6961373,Police Constable,Vanya,Segar,Officer
2312,15-7317921,Police Constable,Elly,Copcote,Officer
2313,33-2292870,Sergeant,Alair,Strang,Officer
2314,25-2200399,Sergeant,Ewart,Nelles,Officer
2315,59-8533145,Police Constable,Karilynn,Stanney,Officer
2316,89-9680477,Sergeant,Aurora,MacCauley,Officer
2317,02-2383705,Chief Inspector,Kinna,McHan,Officer
2318,02-3468866,Sergeant,Selestina,Reilinger,Officer
2319,61-4568398,Police Constable,Sauncho,Caldecourt,Officer
2320,66-9987189,Police Constable,Porty,Antoniutti,Officer
2321,13-7955092,Police Constable,Northrop,Meaney,Officer
2322,90-3638347,Police Constable,Aggi,Saller,Officer
2323,96-2598730,Sergeant,Chrisy,Krolle,Officer
2324,29-0895493,Police Constable,Becki,Vegas,Officer
2325,67-4571246,Police Constable,Eloisa,Mayoh,Officer
2326,39-1058098,Sergeant,Micheil,Duffitt,Officer
2327,38-5046025,Sergeant,Ibrahim,Rillett,Officer
2328,94-7928522,Police Constable,Hortense,Shearme,Officer
2329,98-4838988,Police Constable,Kassey,Nias,Officer
2330,13-8814432,Sergeant,Kaja,Mandrey,Officer
2331,82-1400095,Sergeant,Chandal,Dessant,Officer
2332,30-4157186,Sergeant,Roderick,Wisniowski,Officer
2333,70-5226678,Sergeant,Louie,MacConnal,Officer
2334,49-4394603,Sergeant,Jody,McNern,Officer
2335,60-5284918,Police Constable,Hertha,Emerine,Officer
2336,91-7553636,Inspector,Victoir,Gianneschi,Officer
2337,40-3175213,Police Constable,Stanislaw,Livings,Officer
