:ID,surname,nhs_no,name,age,:LABEL
0,Hamilton,117-66-8129,Todd,,Person
2,Hamilton,991-70-5333,Benjamin,,Person
5,Campbell,620-83-1546,Nancy,,Person
9,Garcia,595-90-8809,Todd,,Person
13,Turner,556-65-1110,Rachel,,Person
16,Kelly,770-22-6561,Mildred,,Person
20,Perez,627-79-5997,Stephen,,Person
23,Rodriguez,801-38-9691,Denise,,Person
27,Washington,664-34-9245,Antonio,,Person
31,Mason,506-14-4016,Nicholas,,Person
35,Warren,513-35-3310,Lawrence,,Person
39,Myers,627-15-0737,Phillip,,Person
43,Young,791-62-3536,Mary,,Person
47,Hughes,821-11-2735,Stephanie,,Person
50,Gibson,838-11-7607,Pamela,,Person
53,Nguyen,484-37-1068,Paul,,Person
57,Rodriguez,529-97-6193,Gregory,,Person
59,Parker,581-26-5472,Louis,,Person
62,White,797-43-7696,Sharon,,Person
66,Mason,444-91-2379,Philip,,Person
70,Nguyen,666-57-8563,Anne,,Person
74,Peters,686-68-0909,Mary,,Person
78,Rose,699-67-1766,Louis,,Person
82,Lynch,756-76-4958,Stephanie,,Person
86,Burns,497-20-7808,Peter,,Person
90,Riley,801-08-0289,Sarah,,Person
92,Reyes,777-00-7153,Judith,,Person
94,Cox,456-46-1699,Diane,,Person
98,Kelly,760-58-1758,Scott,,Person
102,Mason,661-39-2243,Michael,,Person
106,Hughes,678-06-9352,Maria,,Person
110,Harrison,525-30-4448,Thomas,,Person
114,Gordon,585-92-9741,Craig,,Person
118,Thompson,552-54-9978,Bobby,,Person
121,Austin,641-55-5639,Brian,,Person
124,Hernandez,638-96-9343,Lois,,Person
128,Porter,555-44-2746,Lillian,,Person
131,Mcdonald,442-54-3651,Dennis,,Person
135,Brown,586-76-9388,Gregory,,Person
137,Lewis,659-27-7887,Maria,,Person
141,Collins,795-37-7998,Irene,,Person
143,Chavez,766-98-1818,Carlos,,Person
147,Bennett,508-10-3584,Ashley,,Person
151,Austin,709-64-4352,Irene,,Person
155,Ruiz,640-26-0925,Sandra,,Person
159,Mills,589-69-0106,David,,Person
162,Warren,520-24-8922,Melissa,,Person
166,Fernandez,598-89-4448,Jerry,,Person
170,Garrett,577-47-4459,Harry,,Person
174,Ferguson,709-43-8302,Eugene,,Person
175,Lee,630-78-2095,Stephen,,Person
179,Rogers,819-35-6503,Kathleen,,Person
183,Grant,774-09-5550,George,,Person
187,Garza,606-92-8035,Timothy,,Person
191,Lane,493-92-1993,Gary,,Person
195,Cole,689-65-9692,Douglas,,Person
199,Robertson,554-93-4466,Ashley,,Person
203,Arnold,633-71-2217,Paul,,Person
207,Scott,660-62-5107,Philip,,Person
211,Baker,675-57-0293,Linda,,Person
214,Long,785-79-1645,Rebecca,,Person
217,King,825-47-6075,Juan,,Person
221,Barnes,529-47-8404,Jeremy,,Person
225,Green,458-11-9205,Richard,,Person
229,Torres,502-01-4060,Barbara,,Person
232,Crawford,673-28-6979,Rose,,Person
236,Brown,761-47-7037,Christine,,Person
240,Knight,481-52-1716,James,,Person
242,Webb,649-53-9893,Wanda,,Person
246,Hawkins,773-64-9939,Kevin,,Person
249,Gray,695-36-0203,Jennifer,,Person
252,Stephens,534-70-7883,Lawrence,,Person
256,Dunn,707-08-4356,Jessica,,Person
260,Payne,552-99-8341,Sandra,,Person
264,Welch,625-92-4356,Philip,,Person
268,Wood,484-38-1830,Evelyn,,Person
272,Castillo,535-67-6237,Ryan,,Person
276,Howard,611-48-1839,Heather,,Person
280,Coleman,591-90-2791,Janice,,Person
284,Hayes,596-61-3861,Carl,,Person
288,Hanson,799-52-5205,Richard,,Person
292,Lee,450-68-4090,Rebecca,,Person
296,Franklin,606-54-1149,Richard,,Person
298,Moreno,504-30-7137,Daniel,,Person
302,Woods,827-46-6267,Nicholas,,Person
306,Lawrence,792-88-0162,William,,Person
310,Sims,683-87-3766,Harry,,Person
314,Watson,689-85-2810,Nicholas,,Person
317,Chavez,520-74-1446,Evelyn,,Person
319,Bradley,695-46-9632,Rachel,,Person
323,Robertson,585-01-6112,Kelly,,Person
327,Fox,576-99-9244,Ann,,Person
331,Williamson,452-95-4283,Raymond,,Person
335,Parker,545-33-7212,Rose,,Person
339,Thompson,444-08-9581,Sharon,,Person
343,Elliott,456-41-9569,Patricia,,Person
347,Knight,673-07-4750,Peter,,Person
349,Turner,505-69-9935,Larry,,Person
353,Murray,690-09-2036,Phyllis,,Person
357,Black,679-66-9286,Joshua,,Person
360,Weaver,543-43-9738,Wanda,,Person
363,Sanders,816-84-2237,Patrick,,Person
367,Bryant,436-67-3063,Shirley,,Person
369,Hunter,568-22-7686,Rachel,,Person
373,Wagner,658-56-4620,Diane,,Person
376,Moore,647-19-8518,Judith,,Person
379,Robinson,528-85-4153,Bonnie,,Person
382,West,620-85-3606,Brenda,,Person
386,Coleman,706-24-9599,Henry,,Person
389,Rogers,534-62-8298,Jennifer,,Person
393,Peterson,434-76-7869,Kelly,,Person
397,Moreno,780-64-7865,Julie,,Person
401,Ford,600-92-0796,Philip,,Person
403,Lewis,822-58-3710,Jeffrey,,Person
407,Black,439-13-7582,Eric,,Person
411,Foster,820-53-4909,Cynthia,,Person
415,Ford,692-38-3827,Dennis,,Person
419,Mcdonald,531-09-1058,Alice,,Person
423,Murphy,803-26-5349,Jonathan,,Person
427,Edwards,824-65-1090,Randy,,Person
431,Rice,632-68-0917,Anne,,Person
433,Fox,641-52-2437,Johnny,,Person
436,Gardner,775-75-2532,Philip,,Person
440,Evans,784-43-0212,Karen,,Person
444,Watson,765-24-1639,Amy,,Person
448,Cooper,438-07-5350,Amanda,,Person
452,Edwards,778-24-6852,Brenda,,Person
456,Mcdonald,632-58-9372,Patricia,,Person
460,Martin,447-68-8669,Douglas,,Person
464,Rodriguez,507-22-5331,Judith,,Person
468,Baker,576-82-7408,Bruce,,Person
471,Carr,577-08-1339,Phillip,,Person
475,Hernandez,596-71-0231,Norma,,Person
479,Ortiz,537-27-1654,Rose,,Person
483,Austin,490-89-5771,Scott,,Person
487,Rice,612-83-6356,Anne,,Person
490,Cruz,560-44-9582,Margaret,,Person
494,Hawkins,680-41-2384,Gary,,Person
496,Arnold,800-78-8581,Justin,,Person
500,Jordan,520-50-0673,Donna,,Person
503,Gonzales,773-71-9737,Mary,,Person
505,Phillips,569-73-6017,Matthew,,Person
509,George,575-05-6519,Annie,,Person
512,Russell,680-93-7668,Bobby,,Person
516,Matthews,609-34-3409,Carl,,Person
519,Russell,834-40-2242,Jonathan,,Person
523,Fuller,626-48-1142,Rachel,,Person
527,Dixon,763-27-9872,William,,Person
531,Bailey,446-36-0249,Billy,,Person
535,Payne,438-49-1893,Justin,,Person
539,Hawkins,814-78-4935,Carolyn,,Person
543,Taylor,710-72-8214,Frank,,Person
546,Moreno,673-48-8212,Barbara,,Person
550,Pierce,463-00-8389,Roy,,Person
554,Patterson,600-92-0643,Michelle,,Person
558,Castillo,837-88-3558,Christine,,Person
562,Weaver,431-33-8884,John,,Person
565,Carpenter,651-47-1970,Christine,,Person
569,Knight,690-37-4924,Cynthia,,Person
572,Jacobs,446-63-4367,Jennifer,,Person
576,Mccoy,556-15-9637,Angela,,Person
580,Tucker,784-14-7719,Louis,,Person
584,Garza,821-24-9412,Johnny,,Person
588,Gutierrez,510-39-9110,Eric,,Person
592,Payne,699-85-1673,Norma,,Person
596,Reid,576-60-7800,Julia,,Person
600,Boyd,759-01-0406,Billy,,Person
604,Cruz,534-57-0755,Ralph,,Person
608,Murray,653-64-4372,Jennifer,,Person
611,Larson,691-51-9612,Lois,,Person
614,Holmes,674-92-1788,Jacqueline,,Person
618,Burke,821-35-7665,Stephen,,Person
622,Rogers,508-75-5974,Joseph,,Person
626,Fernandez,744-46-9190,Judith,,Person
630,Robertson,455-19-0708,Amanda,,Person
634,Franklin,552-42-2675,Lillian,,Person
638,Graham,615-88-9385,Wanda,,Person
640,Freeman,804-54-6976,Anne,,Person
644,Hall,428-68-7549,Gregory,,Person
646,Burke,660-53-6807,Joyce,,Person
650,Vasquez,679-81-5309,Gary,,Person
654,Rivera,649-24-1018,Maria,,Person
658,Stanley,681-29-5922,Daniel,,Person
662,Robertson,430-16-3985,Harold,,Person
666,Alexander,820-74-9970,Charles,,Person
670,Hansen,659-67-2728,Norma,,Person
674,Spencer,538-52-3401,Mildred,,Person
678,Coleman,436-38-3179,Richard,,Person
682,Anderson,687-34-2480,Elizabeth,,Person
685,Patterson,699-06-8530,Heather,,Person
689,Williamson,468-82-3915,Fred,,Person
693,Day,806-49-7942,Howard,,Person
697,Perez,503-57-3996,William,,Person
701,Nichols,662-28-8348,Richard,,Person
705,Edwards,831-20-7307,Phillip,,Person
706,Hernandez,692-42-9948,Antonio,,Person
709,Reynolds,786-70-5968,Ruby,,Person
713,George,800-46-2184,Andrea,,Person
716,Ford,483-40-6408,Jimmy,,Person
720,Butler,694-81-0546,Denise,,Person
724,Walker,475-65-9761,Harold,,Person
726,Fuller,646-37-8429,Nancy,,Person
728,Franklin,613-15-7837,Kelly,,Person
732,Hunter,694-00-4113,Larry,,Person
736,Jackson,760-95-8112,Norma,,Person
740,Bradley,817-89-6264,Dennis,,Person
744,Armstrong,502-24-6207,Victor,,Person
748,Johnston,821-53-7430,Marilyn,,Person
752,Sullivan,517-87-6459,Frances,,Person
756,Warren,436-61-3192,Rebecca,,Person
760,Boyd,696-28-4220,Linda,,Person
764,Foster,563-60-8705,Jessica,,Person
768,Gibson,537-30-3032,Melissa,,Person
772,Alexander,548-59-5017,Kimberly,12,Person
776,Kennedy,856-03-3848,Betty,,Person
780,Frazier,274-27-6513,Donna,,Person
783,Day,888-09-8856,Gloria,,Person
784,Williamson,243-46-3035,Emily,,Person
788,Ross,839-36-4360,Cheryl,,Person
792,Nguyen,298-33-3046,William,,Person
796,Fisher,871-98-0966,Mark,,Person
798,Taylor,260-71-8148,Scott,,Person
802,Allen,910-33-1979,Virginia,,Person
806,Hall,213-32-1448,Dorothy,,Person
810,Hansen,842-04-5706,Ruth,,Person
813,Harper,291-79-2723,Kathy,,Person
816,Black,859-81-0332,Carlos,,Person
820,White,270-75-5897,Catherine,,Person
824,Wood,859-40-9947,Kimberly,,Person
828,Willis,271-78-8919,Arthur,,Person
832,Daniels,872-88-7149,Martin,,Person
836,Murray,258-98-0727,Mary,,Person
839,Myers,917-80-4656,Sean,,Person
843,Clark,205-52-5697,Ernest,,Person
847,Richardson,874-32-9427,Karen,,Person
849,Johnston,253-58-9660,Jerry,,Person
853,Martin,853-69-5350,Brandon,,Person
857,Bailey,276-19-9235,Amy,,Person
861,Walker,879-22-8665,Raymond,,Person
863,Peters,250-75-5238,Kathleen,,Person
867,Murray,900-41-3309,Diana,,Person
870,Wheeler,218-31-0921,Kathy,,Person
874,Ward,881-20-2396,Alan,,Person
877,Powell,249-54-6589,Jack,,Person
881,Campbell,858-54-4075,Jeffrey,,Person
885,Owens,272-95-2412,Gloria,,Person
888,Woods,843-95-9006,Jane,,Person
892,Jackson,289-76-4820,Mark,,Person
896,Hicks,852-52-0933,Alan,,Person
900,Crawford,280-97-6061,Joan,,Person
904,Hudson,899-42-6637,James,,Person
908,Palmer,219-06-7487,Henry,,Person
910,Perry,884-33-9676,Phillip,,Person
914,Bryant,245-63-7539,Peter,,Person
917,Ford,838-45-9343,Deborah,,Person
920,Hunt,298-36-6290,Jonathan,,Person
923,Lopez,915-75-5600,Harry,,Person
926,Mason,206-59-6235,Wayne,,Person
930,Chapman,878-32-2595,Anna,,Person
934,Carroll,252-29-4929,Kenneth,,Person
938,Fields,915-74-6216,Joshua,,Person
942,Ross,209-45-4933,Gary,,Person
946,Rice,913-31-1925,Helen,,Person
949,Scott,212-34-2732,Christopher,,Person
951,Reed,852-88-1263,Larry,,Person
955,Lawrence,276-40-8351,Mary,,Person
959,Hicks,846-65-7776,Peter,,Person
961,Smith,287-46-9776,Wayne,,Person
965,Moore,846-48-9238,Billy,,Person
969,Brooks,288-59-8593,Roger,,Person
973,Duncan,863-96-9468,Annie,,Person
977,Wheeler,263-14-7231,Walter,,Person
981,Robinson,873-28-7561,Donald,,Person
985,Patterson,256-31-7892,Christopher,,Person
989,Allen,883-98-9193,Kathryn,,Person
993,Flores,247-72-6304,Joan,,Person
997,Matthews,896-25-8370,Carlos,,Person
1001,Cook,220-58-0896,Brandon,,Person
1005,Reyes,859-55-6280,Jack,,Person
1009,Lawrence,271-53-9609,Carl,,Person
1013,Oliver,913-69-6997,Christopher,,Person
1017,Jackson,209-68-2617,Diana,,Person
1021,Willis,903-87-6930,Benjamin,,Person
1024,Foster,214-77-6416,Andrew,,Person
1027,Jackson,858-93-2794,Steven,,Person
1031,Shaw,272-55-4293,Philip,,Person
1035,Jones,848-25-8473,Harry,,Person
1039,Nguyen,284-01-5241,Wayne,,Person
1043,Jacobs,890-81-1579,John,,Person
1046,Bradley,237-02-1263,Adam,,Person
1049,Austin,873-29-2620,Heather,,Person
1053,Fox,255-89-9885,Matthew,,Person
1055,Cooper,855-81-1387,Ralph,,Person
1057,Williams,274-72-8781,Betty,,Person
1061,Butler,893-12-3541,Maria,,Person
1063,Martin,234-37-9132,Cheryl,,Person
1067,Smith,867-78-8919,Ryan,,Person
1069,Powell,260-95-0836,Theresa,,Person
1073,Alexander,893-63-6176,Amanda,,Person
1076,Sims,222-79-5145,Philip,,Person
1080,Butler,895-45-1258,Patricia,,Person
1084,Harper,220-62-1837,Victor,,Person
1088,Marshall,890-58-5813,Craig,,Person
1092,Moreno,240-77-5251,Andrea,,Person
1096,Ellis,861-75-4699,Janet,,Person
1100,Shaw,266-39-6752,Joan,,Person
1104,Mccoy,859-33-6845,Joshua,,Person
1108,Turner,272-24-9625,Peter,,Person
1111,Hanson,861-16-2336,Patricia,,Person
1114,Phillips,267-89-6011,Andrea,,Person
1118,Thompson,918-23-4923,Ernest,,Person
1122,Elliott,204-79-2659,Karen,,Person
1126,Porter,885-46-4577,Rachel,,Person
1128,Bryant,244-58-2483,Janice,,Person
1129,Chapman,900-49-2935,Frances,,Person
1133,Fields,215-46-0151,Kelly,,Person
1134,Fuller,306-99-5229,Juan,,Person
1138,Hanson,386-26-5935,Andrea,,Person
1140,Murray,392-52-7176,William,,Person
1144,Martinez,397-28-4474,Lillian,,Person
1148,Cunningham,358-19-2542,Janet,,Person
1151,Jacobs,348-63-8190,Henry,,Person
1155,Brown,335-36-7489,Denise,,Person
1159,Foster,318-12-3766,Tammy,,Person
1162,Oliver,364-47-2445,Harold,,Person
1166,Hamilton,305-25-0352,Jason,,Person
1170,Gutierrez,308-26-6839,Emily,,Person
1174,Berry,369-63-7305,Eric,,Person
1178,George,391-46-9135,Andrea,,Person
1182,Hughes,328-87-5383,Nancy,,Person
1186,Hunt,346-96-9018,Justin,,Person
1190,Mills,383-09-0127,Melissa,,Person
1194,Wheeler,323-71-3763,Patricia,,Person
1198,Montgomery,351-83-4608,Andrea,,Person
1202,Fuller,323-32-8478,Jeffrey,,Person
1206,Martin,318-22-2828,Michael,,Person
1210,James,329-25-8167,Walter,,Person
1214,Green,358-44-8218,Edward,,Person
1218,Johnston,367-66-5520,Donald,,Person
1222,Fuller,358-70-5810,Carl,,Person
1226,Hughes,301-93-2650,Louis,,Person
1230,Jenkins,331-13-6835,Philip,,Person
1234,Fernandez,308-53-8009,Kenneth,,Person
1238,Gilbert,622-53-3302,Bonnie,,Person
1242,Clark,378-88-6858,Anne,,Person
1244,Burns,330-07-1068,Marilyn,,Person
1246,Hanson,400-52-2389,Irene,,Person
1250,Day,349-76-9672,Linda,,Person
1253,Butler,307-09-8719,Jennifer,,Person
1257,Nichols,400-15-2581,Doris,,Person
1261,Richards,362-49-5861,Louis,,Person
1265,Murphy,367-54-3328,Amy,,Person
1268,Knight,349-36-6161,Christopher,,Person
1271,Howell,302-08-4754,Matthew,,Person
1275,Phillips,341-10-3619,Roy,,Person
1277,Green,383-26-3713,Jose,,Person
1279,Williamson,337-28-4424,Phillip,,Person
1283,Kelly,311-75-6483,Jessica,,Person
1286,Morales,335-71-7747,Brian,,Person
1289,Rogers,370-83-8697,Donna,,Person
1293,Nguyen,399-27-1032,Jeffrey,,Person
1297,Barnes,386-78-8432,Nicholas,,Person
1301,Gibson,314-45-9119,Virginia,,Person
1304,Dean,335-29-6415,Roy,,Person
1308,Carr,401-01-1355,Patricia,,Person
1312,Gray,303-86-0371,Carol,,Person
1316,Bradley,338-31-6051,Diane,,Person
1320,Austin,304-37-2483,Dennis,,Person
61533,Depeau,,Joe,,Person
